Molecule ChEMBL ID,Molecule Name,Molecule Max Phase,Molecular Weight,#RO5 Violations,AlogP,Compound Key,Smiles,Standard Type,Standard Relation,Standard Value,Standard Units,pChEMBL Value,Data Validity Comment,Comment,Uo Units,Ligand Efficiency BEI,Ligand Efficiency LE,Ligand Efficiency LLE,Ligand Efficiency SEI,Potential Duplicate,Assay ChEMBL ID,Assay Description,Assay Type,BAO Format ID,BAO Label,Assay Organism,Assay Tissue ChEMBL ID,Assay Tissue Name,Assay Cell Type,Assay Subcellular Fraction,Assay Parameters,Assay Variant Accession,Assay Variant Mutation,Target ChEMBL ID,Target Name,Target Organism,Target Type,Document ChEMBL ID,Source ID,Source Description,Document Journal,Document Year,Cell ChEMBL ID,Properties,Action Type,Standard Text Value,Value
CHEMBL1630575,CASPOFUNGIN,4,1093.33,None,None,Caspofungin,CC[C@H](C)C[C@H](C)CCCCCCCCC(=O)N[C@H]1C[C@@H](O)[C@@H](NCCN)NC(=O)[C@@H]2[C@@H](O)CCN2C(=O)[C@H]([C@H](O)CCN)NC(=O)[C@H]([C@H](O)[C@@H](O)c2ccc(O)cc2)NC(=O)[C@@H]2C[C@@H](O)CN2C(=O)[C@H]([C@@H](C)O)NC1=O,CL,'=',0.14,mL.min-1.kg-1,,,,,,,,,0,CHEMBL1614671,Clearance in human after iv administration,A,BAO_0000218,organism-based format,Homo sapiens,None,None,None,None,,,,CHEMBL612558,ADMET,,ADMET,CHEMBL1614632,1,Scientific Literature,Drug Metab Dispos,2008,None,,,,0.14
CHEMBL181,DIAZOXIDE,4,230.68,0,1.68,Diazoxide,CC1=Nc2ccc(Cl)cc2S(=O)(=O)N1,CL,'=',0.06,mL.min-1.kg-1,,,,,,,,,0,CHEMBL1614671,Clearance in human after iv administration,A,BAO_0000218,organism-based format,Homo sapiens,None,None,None,None,,,,CHEMBL612558,ADMET,,ADMET,CHEMBL1614632,1,Scientific Literature,Drug Metab Dispos,2008,None,,,,0.06
CHEMBL296035,BUFURALOL,2,261.37,0,3.42,Bufuralol,CCc1cccc2cc(C(O)CNC(C)(C)C)oc12,CL,'=',8.9,mL.min-1.kg-1,,,,,,,,,0,CHEMBL1614671,Clearance in human after iv administration,A,BAO_0000218,organism-based format,Homo sapiens,None,None,None,None,,,,CHEMBL612558,ADMET,,ADMET,CHEMBL1614632,1,Scientific Literature,Drug Metab Dispos,2008,None,,,,8.9
CHEMBL1201201,METHAMPHETAMINE,4,149.24,0,1.84,S(+)d-METH,CN[C@@H](C)Cc1ccccc1,CL,'=',4.4,mL.min-1.kg-1,,,,,,,,,0,CHEMBL1614671,Clearance in human after iv administration,A,BAO_0000218,organism-based format,Homo sapiens,None,None,None,None,,,,CHEMBL612558,ADMET,,ADMET,CHEMBL1614632,1,Scientific Literature,Drug Metab Dispos,2008,None,,,,4.4
CHEMBL441,THIOPENTAL,4,242.34,0,1.35,Thiopental,CCCC(C)C1(CC)C(=O)NC(=S)NC1=O,CL,'=',8.2,mL.min-1.kg-1,,,,,,,,,0,CHEMBL1614671,Clearance in human after iv administration,A,BAO_0000218,organism-based format,Homo sapiens,None,None,None,None,,,,CHEMBL612558,ADMET,,ADMET,CHEMBL1614632,1,Scientific Literature,Drug Metab Dispos,2008,None,,,,8.2
CHEMBL6067485,GENTAMICIN,4,None,None,None,Gentamicin,,CL,'=',1,mL.min-1.kg-1,,,,,,,,,0,CHEMBL1614671,Clearance in human after iv administration,A,BAO_0000218,organism-based format,Homo sapiens,None,None,None,None,,,,CHEMBL612558,ADMET,,ADMET,CHEMBL1614632,1,Scientific Literature,Drug Metab Dispos,2008,None,,,,1
CHEMBL2368925,DOLASETRON,4,324.38,0,2.52,Dolasetron,O=C(O[C@@H]1C[C@@H]2C[C@H]3C[C@H](C1)N2CC3=O)c1c[nH]c2ccccc12,CL,'=',180,mL.min-1.kg-1,,,,,,,,,0,CHEMBL1614671,Clearance in human after iv administration,A,BAO_0000218,organism-based format,Homo sapiens,None,None,None,None,,,,CHEMBL612558,ADMET,,ADMET,CHEMBL1614632,1,Scientific Literature,Drug Metab Dispos,2008,None,,,,180
CHEMBL1477,CERIVASTATIN,4,459.56,0,4.88,Cerivastatin,COCc1c(C(C)C)nc(C(C)C)c(/C=C/[C@@H](O)C[C@@H](O)CC(=O)O)c1-c1ccc(F)cc1,CL,'=',2.9,mL.min-1.kg-1,,,,,,,,,0,CHEMBL1614671,Clearance in human after iv administration,A,BAO_0000218,organism-based format,Homo sapiens,None,None,None,None,,,,CHEMBL612558,ADMET,,ADMET,CHEMBL1614632,1,Scientific Literature,Drug Metab Dispos,2008,None,,,,2.9
CHEMBL465,DRONABINOL,4,314.47,1,5.74,D9-Tetrahydrocannabinol,CCCCCc1cc(O)c2c(c1)OC(C)(C)[C@@H]1CCC(C)=C[C@@H]21,CL,'=',3.2,mL.min-1.kg-1,,,,,,,,,0,CHEMBL1614671,Clearance in human after iv administration,A,BAO_0000218,organism-based format,Homo sapiens,None,None,None,None,,,,CHEMBL612558,ADMET,,ADMET,CHEMBL1614632,1,Scientific Literature,Drug Metab Dispos,2008,None,,,,3.2
CHEMBL1082,AMOXICILLIN,4,365.41,0,0.02,Amoxicillin,CC1(C)S[C@@H]2[C@H](NC(=O)[C@H](N)c3ccc(O)cc3)C(=O)N2[C@H]1C(=O)O,CL,'=',3.3,mL.min-1.kg-1,,,,,,,,,0,CHEMBL1614671,Clearance in human after iv administration,A,BAO_0000218,organism-based format,Homo sapiens,None,None,None,None,,,,CHEMBL612558,ADMET,,ADMET,CHEMBL1614632,1,Scientific Literature,Drug Metab Dispos,2008,None,,,,3.3
CHEMBL1213252,CLORAZEPIC ACID,4,314.73,0,2.58,Chlorazepate,O=C(O)C1N=C(c2ccccc2)c2cc(Cl)ccc2NC1=O,CL,'=',1.1,mL.min-1.kg-1,,,,,,,,,0,CHEMBL1614671,Clearance in human after iv administration,A,BAO_0000218,organism-based format,Homo sapiens,None,None,None,None,,,,CHEMBL612558,ADMET,,ADMET,CHEMBL1614632,1,Scientific Literature,Drug Metab Dispos,2008,None,,,,1.1
CHEMBL88,CYCLOPHOSPHAMIDE ANHYDROUS,4,261.09,0,1.88,Cyclophosphamide,O=P1(N(CCCl)CCCl)NCCCO1,CL,'=',1.1,mL.min-1.kg-1,,,,,,,,,0,CHEMBL1614671,Clearance in human after iv administration,A,BAO_0000218,organism-based format,Homo sapiens,None,None,None,None,,,,CHEMBL612558,ADMET,,ADMET,CHEMBL1614632,1,Scientific Literature,Drug Metab Dispos,2008,None,,,,1.1
CHEMBL1747,TOBRAMYCIN,4,467.52,2,-6.3,Tobramycin,NC[C@H]1O[C@H](O[C@H]2[C@H](O)[C@@H](O[C@H]3O[C@H](CO)[C@@H](O)[C@H](N)[C@H]3O)[C@H](N)C[C@@H]2N)[C@H](N)C[C@@H]1O,CL,'=',1.6,mL.min-1.kg-1,,,,,,,,,0,CHEMBL1614671,Clearance in human after iv administration,A,BAO_0000218,organism-based format,Homo sapiens,None,None,None,None,,,,CHEMBL612558,ADMET,,ADMET,CHEMBL1614632,1,Scientific Literature,Drug Metab Dispos,2008,None,,,,1.6
CHEMBL1237,LISINOPRIL ANHYDROUS,4,405.5,0,1.24,Lisinopril,NCCCC[C@H](N[C@@H](CCc1ccccc1)C(=O)O)C(=O)N1CCC[C@H]1C(=O)O,CL,'=',1.2,mL.min-1.kg-1,,,,,,,,,0,CHEMBL1614671,Clearance in human after iv administration,A,BAO_0000218,organism-based format,Homo sapiens,None,None,None,None,,,,CHEMBL612558,ADMET,,ADMET,CHEMBL1614632,1,Scientific Literature,Drug Metab Dispos,2008,None,,,,1.2
CHEMBL422037,,None,193.21,0,1.95,CB-10-277,CN(C)/N=N/c1ccc(C(=O)O)cc1,CL,'=',1.3,mL.min-1.kg-1,,,,,,,,,0,CHEMBL1614671,Clearance in human after iv administration,A,BAO_0000218,organism-based format,Homo sapiens,None,None,None,None,,,,CHEMBL612558,ADMET,,ADMET,CHEMBL1614632,1,Scientific Literature,Drug Metab Dispos,2008,None,,,,1.3
CHEMBL1908301,FOSFLUCONAZOLE,2,386.26,0,0.85,Fosfluconazole,O=P(O)(O)OC(Cn1cncn1)(Cn1cncn1)c1ccc(F)cc1F,CL,'=',1.3,mL.min-1.kg-1,,,,,,,,,0,CHEMBL1614671,Clearance in human after iv administration,A,BAO_0000218,organism-based format,Homo sapiens,None,None,None,None,,,,CHEMBL612558,ADMET,,ADMET,CHEMBL1614632,1,Scientific Literature,Drug Metab Dispos,2008,None,,,,1.3
CHEMBL1429,DESMOPRESSIN,4,1069.24,None,None,Desmopressin,N=C(N)NCCC[C@@H](NC(=O)[C@@H]1CCCN1C(=O)[C@@H]1CSSCCC(=O)N[C@@H](Cc2ccc(O)cc2)C(=O)N[C@@H](Cc2ccccc2)C(=O)N[C@@H](CCC(N)=O)C(=O)N[C@@H](CC(N)=O)C(=O)N1)C(=O)NCC(N)=O,CL,'=',1.4,mL.min-1.kg-1,,,,,,,,,0,CHEMBL1614671,Clearance in human after iv administration,A,BAO_0000218,organism-based format,Homo sapiens,None,None,None,None,,,,CHEMBL612558,ADMET,,ADMET,CHEMBL1614632,1,Scientific Literature,Drug Metab Dispos,2008,None,,,,1.4
CHEMBL498,CHLORPROPAMIDE,4,276.75,0,1.74,Chlorpropamide,CCCNC(=O)NS(=O)(=O)c1ccc(Cl)cc1,CL,'=',0.045,mL.min-1.kg-1,,,,,,,,,0,CHEMBL1614671,Clearance in human after iv administration,A,BAO_0000218,organism-based format,Homo sapiens,None,None,None,None,,,,CHEMBL612558,ADMET,,ADMET,CHEMBL1614632,1,Scientific Literature,Drug Metab Dispos,2008,None,,,,0.045
CHEMBL1359,ERTAPENEM,4,475.52,0,0.94,Ertapenem,C[C@@H](O)[C@H]1C(=O)N2C(C(=O)O)=C(S[C@@H]3CN[C@H](C(=O)Nc4cccc(C(=O)O)c4)C3)[C@H](C)[C@H]12,CL,'=',0.45,mL.min-1.kg-1,,,,,,,,,0,CHEMBL1614671,Clearance in human after iv administration,A,BAO_0000218,organism-based format,Homo sapiens,None,None,None,None,,,,CHEMBL612558,ADMET,,ADMET,CHEMBL1614632,1,Scientific Literature,Drug Metab Dispos,2008,None,,,,0.45
CHEMBL1069,VALSARTAN,4,435.53,0,4.16,valsartan,CCCCC(=O)N(Cc1ccc(-c2ccccc2-c2nnn[nH]2)cc1)[C@H](C(=O)O)C(C)C,CL,'=',0.49,mL.min-1.kg-1,,,,,,,,,0,CHEMBL1614671,Clearance in human after iv administration,A,BAO_0000218,organism-based format,Homo sapiens,None,None,None,None,,,,CHEMBL612558,ADMET,,ADMET,CHEMBL1614632,1,Scientific Literature,Drug Metab Dispos,2008,None,,,,0.49
CHEMBL1201046,CEFORANIDE,4,519.57,2,-0.71,Ceforanide,NCc1ccccc1CC(=O)N[C@@H]1C(=O)N2C(C(=O)O)=C(CSc3nnnn3CC(=O)O)CS[C@H]12,CL,'=',0.66,mL.min-1.kg-1,,,,,,,,,0,CHEMBL1614671,Clearance in human after iv administration,A,BAO_0000218,organism-based format,Homo sapiens,None,None,None,None,,,,CHEMBL612558,ADMET,,ADMET,CHEMBL1614632,1,Scientific Literature,Drug Metab Dispos,2008,None,,,,0.66
CHEMBL219410,ZOTAROLIMUS,3,966.23,3,6.05,Zotarolimus,CO[C@H]1C[C@@H]2CC[C@@H](C)[C@@](O)(O2)C(=O)C(=O)N2CCCC[C@H]2C(=O)O[C@H]([C@H](C)C[C@@H]2CC[C@H](n3cnnn3)[C@H](OC)C2)CC(=O)[C@H](C)/C=C(\C)[C@@H](O)[C@@H](OC)C(=O)[C@H](C)C[C@H](C)/C=C/C=C/C=C/1C,CL,'=',0.67,mL.min-1.kg-1,,,,,,,,,0,CHEMBL1614671,Clearance in human after iv administration,A,BAO_0000218,organism-based format,Homo sapiens,None,None,None,None,,,,CHEMBL612558,ADMET,,ADMET,CHEMBL1614632,1,Scientific Literature,Drug Metab Dispos,2008,None,,,,0.67
CHEMBL280481,VERLUKAST,2,515.1,2,6.48,Verlukast,CN(C)C(=O)CCS[C@H](SCCC(=O)O)c1cccc(/C=C/c2ccc3ccc(Cl)cc3n2)c1,CL,'=',0.68,mL.min-1.kg-1,,,,,,,,,0,CHEMBL1614671,Clearance in human after iv administration,A,BAO_0000218,organism-based format,Homo sapiens,None,None,None,None,,,,CHEMBL612558,ADMET,,ADMET,CHEMBL1614632,1,Scientific Literature,Drug Metab Dispos,2008,None,,,,0.68
CHEMBL956,SUPROFEN,4,260.31,0,3.17,Suprofen,CC(C(=O)O)c1ccc(C(=O)c2cccs2)cc1,CL,'=',0.76,mL.min-1.kg-1,,,,,,,,,0,CHEMBL1614671,Clearance in human after iv administration,A,BAO_0000218,organism-based format,Homo sapiens,None,None,None,None,,,,CHEMBL612558,ADMET,,ADMET,CHEMBL1614632,1,Scientific Literature,Drug Metab Dispos,2008,None,,,,0.76
CHEMBL553025,VINORELBINE,4,778.95,2,4.75,Anhydrovinblastine,CCC1=C[C@@H]2CN(C1)Cc1c([nH]c3ccccc13)[C@@](C(=O)OC)(c1cc3c(cc1OC)N(C)[C@H]1[C@@](O)(C(=O)OC)[C@H](OC(C)=O)[C@]4(CC)C=CCN5CC[C@]31[C@@H]54)C2,CL,'=',12,mL.min-1.kg-1,,,,,,,,,0,CHEMBL1614671,Clearance in human after iv administration,A,BAO_0000218,organism-based format,Homo sapiens,None,None,None,None,,,,CHEMBL612558,ADMET,,ADMET,CHEMBL1614632,1,Scientific Literature,Drug Metab Dispos,2008,None,,,,12
CHEMBL599,MELOXICAM,4,351.41,0,1.95,SID26747003,Cc1cnc(NC(=O)C2=C(O)c3ccccc3S(=O)(=O)N2C)s1,CL,'=',0.12,mL.min-1.kg-1,,,,,,,,,0,CHEMBL1614671,Clearance in human after iv administration,A,BAO_0000218,organism-based format,Homo sapiens,None,None,None,None,,,,CHEMBL612558,ADMET,,ADMET,CHEMBL1614632,1,Scientific Literature,Drug Metab Dispos,2008,None,,,,0.12
CHEMBL1450,ATOVAQUONE,4,366.84,1,5.51,Atovaquone,O=C1C(O)=C([C@H]2CC[C@H](c3ccc(Cl)cc3)CC2)C(=O)c2ccccc21,CL,'=',0.15,mL.min-1.kg-1,,,,,,,,,0,CHEMBL1614671,Clearance in human after iv administration,A,BAO_0000218,organism-based format,Homo sapiens,None,None,None,None,,,,CHEMBL612558,ADMET,,ADMET,CHEMBL1614632,1,Scientific Literature,Drug Metab Dispos,2008,None,,,,0.15
CHEMBL19236,MOXONIDINE,4,241.68,0,0.82,Moxonidine,COc1nc(C)nc(Cl)c1NC1=NCCN1,CL,'=',11,mL.min-1.kg-1,,,,,,,,,0,CHEMBL1614671,Clearance in human after iv administration,A,BAO_0000218,organism-based format,Homo sapiens,None,None,None,None,,,,CHEMBL612558,ADMET,,ADMET,CHEMBL1614632,1,Scientific Literature,Drug Metab Dispos,2008,None,,,,11
CHEMBL1484,NICARDIPINE,4,479.53,0,3.68,Nicardipine,COC(=O)C1=C(C)NC(C)=C(C(=O)OCCN(C)Cc2ccccc2)C1c1cccc([N+](=O)[O-])c1,CL,'=',11,mL.min-1.kg-1,,,,,,,,,0,CHEMBL1614671,Clearance in human after iv administration,A,BAO_0000218,organism-based format,Homo sapiens,None,None,None,None,,,,CHEMBL612558,ADMET,,ADMET,CHEMBL1614632,1,Scientific Literature,Drug Metab Dispos,2008,None,,,,11
CHEMBL1220,TINIDAZOLE,4,247.28,0,0.53,Tinidazole,CCS(=O)(=O)CCn1c([N+](=O)[O-])cnc1C,CL,'=',0.6,mL.min-1.kg-1,,,,,,,,,0,CHEMBL1614671,Clearance in human after iv administration,A,BAO_0000218,organism-based format,Homo sapiens,None,None,None,None,,,,CHEMBL612558,ADMET,,ADMET,CHEMBL1614632,1,Scientific Literature,Drug Metab Dispos,2008,None,,,,0.6
CHEMBL1200490,CETRORELIX,4,1431.06,None,None,Cetrorelix,CC(=O)N[C@H](Cc1ccc2ccccc2c1)C(=O)N[C@H](Cc1ccc(Cl)cc1)C(=O)N[C@H](Cc1cccnc1)C(=O)N[C@@H](CO)C(=O)N[C@@H](Cc1ccc(O)cc1)C(=O)N[C@H](CCCNC(N)=O)C(=O)N[C@@H](CC(C)C)C(=O)N[C@@H](CCCNC(=N)N)C(=O)N1CCC[C@H]1C(=O)N[C@H](C)C(N)=O,CL,'=',1.2,mL.min-1.kg-1,,,,,,,,,0,CHEMBL1614671,Clearance in human after iv administration,A,BAO_0000218,organism-based format,Homo sapiens,None,None,None,None,,,,CHEMBL612558,ADMET,,ADMET,CHEMBL1614632,1,Scientific Literature,Drug Metab Dispos,2008,None,,,,1.2
CHEMBL1200457,GADOVERSETAMIDE,4,661.77,None,None,Gadoversetamide,,CL,'=',1.2,mL.min-1.kg-1,,,,,,,,,0,CHEMBL1614671,Clearance in human after iv administration,A,BAO_0000218,organism-based format,Homo sapiens,None,None,None,None,,,,CHEMBL612558,ADMET,,ADMET,CHEMBL1614632,1,Scientific Literature,Drug Metab Dispos,2008,None,,,,1.2
CHEMBL1739,METOCURINE IODIDE,4,906.64,2,7.45,Metocurine,COc1ccc2cc1Oc1cc3c(cc1OC)CC[N+](C)(C)[C@H]3Cc1ccc(cc1)Oc1c(OC)c(OC)cc3c1[C@@H](C2)[N+](C)(C)CC3.[I-].[I-],CL,'=',1.2,mL.min-1.kg-1,,,,,,,,,0,CHEMBL1614671,Clearance in human after iv administration,A,BAO_0000218,organism-based format,Homo sapiens,None,None,None,None,,,,CHEMBL612558,ADMET,,ADMET,CHEMBL1614632,1,Scientific Literature,Drug Metab Dispos,2008,None,,,,1.2
CHEMBL1751,DIGOXIN,4,780.95,3,2.22,Digoxin,C[C@H]1O[C@@H](O[C@H]2[C@@H](O)C[C@H](O[C@H]3[C@@H](O)C[C@H](O[C@H]4CC[C@@]5(C)[C@H](CC[C@@H]6[C@@H]5C[C@@H](O)[C@]5(C)[C@@H](C7=CC(=O)OC7)CC[C@]65O)C4)O[C@@H]3C)O[C@@H]2C)C[C@H](O)[C@@H]1O,CL,'=',1.7,mL.min-1.kg-1,,,,,,,,,0,CHEMBL1614671,Clearance in human after iv administration,A,BAO_0000218,organism-based format,Homo sapiens,None,None,None,None,,,,CHEMBL612558,ADMET,,ADMET,CHEMBL1614632,1,Scientific Literature,Drug Metab Dispos,2008,None,,,,1.7
CHEMBL940,GABAPENTIN,4,171.24,0,1.37,Gabapentin,NCC1(CC(=O)O)CCCCC1,CL,'=',1.7,mL.min-1.kg-1,,,,,,,,,0,CHEMBL1614671,Clearance in human after iv administration,A,BAO_0000218,organism-based format,Homo sapiens,None,None,None,None,,,,CHEMBL612558,ADMET,,ADMET,CHEMBL1614632,1,Scientific Literature,Drug Metab Dispos,2008,None,,,,1.7
CHEMBL465161,GINKGOLIDE A,None,408.4,0,-0.34,Ginkgolide A,C[C@@H]1C(=O)O[C@H]2C[C@@]34[C@H]5C[C@@H](C(C)(C)C)[C@]36[C@@H](OC(=O)[C@@H]6O)O[C@@]4(C(=O)O5)[C@]21O,CL,'=',2.3,mL.min-1.kg-1,,,,,,,,,0,CHEMBL1614671,Clearance in human after iv administration,A,BAO_0000218,organism-based format,Homo sapiens,None,None,None,None,,,,CHEMBL612558,ADMET,,ADMET,CHEMBL1614632,1,Scientific Literature,Drug Metab Dispos,2008,None,,,,2.3
CHEMBL820,BUSULFAN,4,246.31,0,-0.28,Busulphan,CS(=O)(=O)OCCCCOS(C)(=O)=O,CL,'=',2.4,mL.min-1.kg-1,,,,,,,,,0,CHEMBL1614671,Clearance in human after iv administration,A,BAO_0000218,organism-based format,Homo sapiens,None,None,None,None,,,,CHEMBL612558,ADMET,,ADMET,CHEMBL1614632,1,Scientific Literature,Drug Metab Dispos,2008,None,,,,2.4
CHEMBL710,FINASTERIDE,4,372.55,0,3.81,Finasteride,CC(C)(C)NC(=O)[C@H]1CC[C@H]2[C@@H]3CC[C@H]4NC(=O)C=C[C@]4(C)[C@H]3CC[C@]12C,CL,'=',2.4,mL.min-1.kg-1,,,,,,,,,0,CHEMBL1614671,Clearance in human after iv administration,A,BAO_0000218,organism-based format,Homo sapiens,None,None,None,None,,,,CHEMBL612558,ADMET,,ADMET,CHEMBL1614632,1,Scientific Literature,Drug Metab Dispos,2008,None,,,,2.4
CHEMBL444633,RIFABUTIN,4,847.02,2,4.62,Rifabutin,CO[C@H]1/C=C/O[C@@]2(C)Oc3c(C)c(O)c4c(c3C2=O)C2=NC3(CCN(CC(C)C)CC3)NC2=C(NC(=O)/C(C)=C\C=C\[C@H](C)[C@H](O)[C@@H](C)[C@@H](O)[C@@H](C)[C@H](OC(C)=O)[C@@H]1C)C4=O,CL,'=',2.4,mL.min-1.kg-1,,,,,,,,,0,CHEMBL1614671,Clearance in human after iv administration,A,BAO_0000218,organism-based format,Homo sapiens,None,None,None,None,,,,CHEMBL612558,ADMET,,ADMET,CHEMBL1614632,1,Scientific Literature,Drug Metab Dispos,2008,None,,,,2.4
CHEMBL48880,ASULACRINE,-1,464.55,0,4.18,Amsalog,CNC(=O)c1cccc2c(Nc3ccc(NS(C)(=O)=O)cc3OC)c3cccc(C)c3nc12,CL,'=',2.6,mL.min-1.kg-1,,,,,,,,,0,CHEMBL1614671,Clearance in human after iv administration,A,BAO_0000218,organism-based format,Homo sapiens,None,None,None,None,,,,CHEMBL612558,ADMET,,ADMET,CHEMBL1614632,1,Scientific Literature,Drug Metab Dispos,2008,None,,,,2.6
CHEMBL1908354,CEFCANEL,2,478.58,0,1.41,Cefcanel,Cc1nnc(SCC2=C(C(=O)O)N3C(=O)[C@@H](NC(=O)[C@H](O)c4ccccc4)[C@H]3SC2)s1,CL,'=',2.6,mL.min-1.kg-1,,,,,,,,,0,CHEMBL1614671,Clearance in human after iv administration,A,BAO_0000218,organism-based format,Homo sapiens,None,None,None,None,,,,CHEMBL612558,ADMET,,ADMET,CHEMBL1614632,1,Scientific Literature,Drug Metab Dispos,2008,None,,,,2.6
CHEMBL506,PRIMAQUINE,4,259.35,0,2.78,Primaquine,COc1cc(NC(C)CCCN)c2ncccc2c1,CL,'=',5.8,mL.min-1.kg-1,,,,,,,,,0,CHEMBL1614671,Clearance in human after iv administration,A,BAO_0000218,organism-based format,Homo sapiens,None,None,None,None,,,,CHEMBL612558,ADMET,,ADMET,CHEMBL1614632,1,Scientific Literature,Drug Metab Dispos,2008,None,,,,5.8
CHEMBL186,CEFEPIME,4,480.57,0,-1.28,Cefepime,CO/N=C(\C(=O)N[C@@H]1C(=O)N2C(C(=O)[O-])=C(C[N+]3(C)CCCC3)CS[C@H]12)c1csc(N)n1,CL,'=',2.2,mL.min-1.kg-1,,,,,,,,,0,CHEMBL1614671,Clearance in human after iv administration,A,BAO_0000218,organism-based format,Homo sapiens,None,None,None,None,,,,CHEMBL612558,ADMET,,ADMET,CHEMBL1614632,1,Scientific Literature,Drug Metab Dispos,2008,None,,,,2.2
CHEMBL1502,PANTOPRAZOLE,4,383.38,0,2.88,Pantoprazole,COc1ccnc(C[S+]([O-])c2nc3cc(OC(F)F)ccc3[nH]2)c1OC,CL,'=',2.2,mL.min-1.kg-1,,,,,,,,,0,CHEMBL1614671,Clearance in human after iv administration,A,BAO_0000218,organism-based format,Homo sapiens,None,None,None,None,,,,CHEMBL612558,ADMET,,ADMET,CHEMBL1614632,1,Scientific Literature,Drug Metab Dispos,2008,None,,,,2.2
CHEMBL238071,VINDESINE,4,753.94,1,2.73,Vindesine,CC[C@]1(O)C[C@@H]2CN(CCc3c([nH]c4ccccc34)[C@@](C(=O)OC)(c3cc4c(cc3OC)N(C)[C@H]3[C@@](O)(C(N)=O)[C@H](O)[C@]5(CC)C=CCN6CC[C@]43[C@@H]65)C2)C1,CL,'=',2.2,mL.min-1.kg-1,,,,,,,,,0,CHEMBL1614671,Clearance in human after iv administration,A,BAO_0000218,organism-based format,Homo sapiens,None,None,None,None,,,,CHEMBL612558,ADMET,,ADMET,CHEMBL1614632,1,Scientific Literature,Drug Metab Dispos,2008,None,,,,2.2
CHEMBL1101,BIPERIDEN,4,311.47,0,3.96,Biperiden,OC(CCN1CCCCC1)(c1ccccc1)C1CC2C=CC1C2,CL,'=',12,mL.min-1.kg-1,,,,,,,,,0,CHEMBL1614671,Clearance in human after iv administration,A,BAO_0000218,organism-based format,Homo sapiens,None,None,None,None,,,,CHEMBL612558,ADMET,,ADMET,CHEMBL1614632,1,Scientific Literature,Drug Metab Dispos,2008,None,,,,12
CHEMBL526,PROPOFOL,4,178.27,0,3.64,Propofol,CC(C)c1cccc(C(C)C)c1O,CL,'=',36,mL.min-1.kg-1,,,,,,,,,0,CHEMBL1614671,Clearance in human after iv administration,A,BAO_0000218,organism-based format,Homo sapiens,None,None,None,None,,,,CHEMBL612558,ADMET,,ADMET,CHEMBL1614632,1,Scientific Literature,Drug Metab Dispos,2008,None,,,,36
CHEMBL953,ENTACAPONE,4,305.29,0,1.78,Entacapone,CCN(CC)C(=O)/C(C#N)=C/c1cc(O)c(O)c([N+](=O)[O-])c1,CL,'=',12,mL.min-1.kg-1,,,,,,,,,0,CHEMBL1614671,Clearance in human after iv administration,A,BAO_0000218,organism-based format,Homo sapiens,None,None,None,None,,,,CHEMBL612558,ADMET,,ADMET,CHEMBL1614632,1,Scientific Literature,Drug Metab Dispos,2008,None,,,,12
CHEMBL325041,BORTEZOMIB,4,384.25,None,None,Bortezomib,CC(C)C[C@H](NC(=O)[C@H](Cc1ccccc1)NC(=O)c1cnccn1)B(O)O,CL,'=',19,mL.min-1.kg-1,,,,,,,,,0,CHEMBL1614671,Clearance in human after iv administration,A,BAO_0000218,organism-based format,Homo sapiens,None,None,None,None,,,,CHEMBL612558,ADMET,,ADMET,CHEMBL1614632,1,Scientific Literature,Drug Metab Dispos,2008,None,,,,19
CHEMBL268254,DELORAZEPAM,2,305.16,0,3.78,Delorazepam,O=C1CN=C(c2ccccc2Cl)c2cc(Cl)ccc2N1,CL,'=',0.17,mL.min-1.kg-1,,,,,,,,,0,CHEMBL1614671,Clearance in human after iv administration,A,BAO_0000218,organism-based format,Homo sapiens,None,None,None,None,,,,CHEMBL612558,ADMET,,ADMET,CHEMBL1614632,1,Scientific Literature,Drug Metab Dispos,2008,None,,,,0.17
CHEMBL207197,OLCEGEPANT,2,869.66,1,4.41,Olcegepant,NCCCC[C@H](NC(=O)[C@@H](Cc1cc(Br)c(O)c(Br)c1)NC(=O)N1CCC(N2Cc3ccccc3NC2=O)CC1)C(=O)N1CCN(c2ccncc2)CC1,CL,'=',2.6,mL.min-1.kg-1,,,,,,,,,0,CHEMBL1614671,Clearance in human after iv administration,A,BAO_0000218,organism-based format,Homo sapiens,None,None,None,None,,,,CHEMBL612558,ADMET,,ADMET,CHEMBL1614632,1,Scientific Literature,Drug Metab Dispos,2008,None,,,,2.6
CHEMBL1599,CEPHAPIRIN,4,423.47,0,0.48,Cephapirin,CC(=O)OCC1=C(C(=O)O)N2C(=O)[C@@H](NC(=O)CSc3ccncc3)[C@H]2SC1,CL,'=',2.7,mL.min-1.kg-1,,,,,,,,,0,CHEMBL1614671,Clearance in human after iv administration,A,BAO_0000218,organism-based format,Homo sapiens,None,None,None,None,,,,CHEMBL612558,ADMET,,ADMET,CHEMBL1614632,1,Scientific Literature,Drug Metab Dispos,2008,None,,,,2.7
CHEMBL1098,BUPIVACAINE,4,288.44,0,3.9,Bupivacaine,CCCCN1CCCCC1C(=O)Nc1c(C)cccc1C,CL,'=',4.3,mL.min-1.kg-1,,,,,,,,,0,CHEMBL1614671,Clearance in human after iv administration,A,BAO_0000218,organism-based format,Homo sapiens,None,None,None,None,,,,CHEMBL612558,ADMET,,ADMET,CHEMBL1614632,1,Scientific Literature,Drug Metab Dispos,2008,None,,,,4.3
CHEMBL911,ZOLPIDEM,4,307.4,0,3.25,Zolpidem,Cc1ccc(-c2nc3ccc(C)cn3c2CC(=O)N(C)C)cc1,CL,'=',4.3,mL.min-1.kg-1,,,,,,,,,0,CHEMBL1614671,Clearance in human after iv administration,A,BAO_0000218,organism-based format,Homo sapiens,None,None,None,None,,,,CHEMBL612558,ADMET,,ADMET,CHEMBL1614632,1,Scientific Literature,Drug Metab Dispos,2008,None,,,,4.3
CHEMBL1753,CLINDAMYCIN,4,424.99,0,0.39,Clindamycin,CCC[C@@H]1C[C@@H](C(=O)N[C@@H]([C@H]2O[C@H](SC)[C@H](O)[C@@H](O)[C@H]2O)[C@H](C)Cl)N(C)C1,CL,'=',4.5,mL.min-1.kg-1,,,,,,,,,0,CHEMBL1614671,Clearance in human after iv administration,A,BAO_0000218,organism-based format,Homo sapiens,None,None,None,None,,,,CHEMBL612558,ADMET,,ADMET,CHEMBL1614632,1,Scientific Literature,Drug Metab Dispos,2008,None,,,,4.5
CHEMBL31,GATIFLOXACIN,4,375.4,0,1.98,Gatifloxacin,COc1c(N2CCNC(C)C2)c(F)cc2c(=O)c(C(=O)O)cn(C3CC3)c12,CL,'=',2.8,mL.min-1.kg-1,,,,,,,,,0,CHEMBL1614671,Clearance in human after iv administration,A,BAO_0000218,organism-based format,Homo sapiens,None,None,None,None,,,,CHEMBL612558,ADMET,,ADMET,CHEMBL1614632,1,Scientific Literature,Drug Metab Dispos,2008,None,,,,2.8
CHEMBL108821,SITAFLOXACIN ANHYDROUS,3,409.82,0,2.7,STFX,N[C@@H]1CN(c2c(F)cc3c(=O)c(C(=O)O)cn([C@@H]4C[C@@H]4F)c3c2Cl)CC12CC2,CL,'=',3.7,mL.min-1.kg-1,,,,,,,,,0,CHEMBL1614671,Clearance in human after iv administration,A,BAO_0000218,organism-based format,Homo sapiens,None,None,None,None,,,,CHEMBL612558,ADMET,,ADMET,CHEMBL1614632,1,Scientific Literature,Drug Metab Dispos,2008,None,,,,3.7
CHEMBL22097,LORMETAZEPAM,4,335.19,0,3.13,Lormetazepam,CN1C(=O)C(O)N=C(c2ccccc2Cl)c2cc(Cl)ccc21,CL,'=',4,mL.min-1.kg-1,,,,,,,,,0,CHEMBL1614671,Clearance in human after iv administration,A,BAO_0000218,organism-based format,Homo sapiens,None,None,None,None,,,,CHEMBL612558,ADMET,,ADMET,CHEMBL1614632,1,Scientific Literature,Drug Metab Dispos,2008,None,,,,4
CHEMBL76,CHLOROQUINE,4,319.88,0,4.81,CQ,CCN(CC)CCCC(C)Nc1ccnc2cc(Cl)ccc12,CL,'=',4.1,mL.min-1.kg-1,,,,,,,,,0,CHEMBL1614671,Clearance in human after iv administration,A,BAO_0000218,organism-based format,Homo sapiens,None,None,None,None,,,,CHEMBL612558,ADMET,,ADMET,CHEMBL1614632,1,Scientific Literature,Drug Metab Dispos,2008,None,,,,4.1
CHEMBL7568,QUINACRINE,4,399.97,1,5.97,SID90341425,CCN(CC)CCCC(C)Nc1c2ccc(Cl)cc2nc2ccc(OC)cc12,CL,'=',5.1,mL.min-1.kg-1,,,,,,,,,0,CHEMBL1614671,Clearance in human after iv administration,A,BAO_0000218,organism-based format,Homo sapiens,None,None,None,None,,,,CHEMBL612558,ADMET,,ADMET,CHEMBL1614632,1,Scientific Literature,Drug Metab Dispos,2008,None,,,,5.1
CHEMBL1643,RIBAVIRIN,4,244.21,0,-3.01,SID17389529,NC(=O)c1ncn([C@@H]2O[C@H](CO)[C@@H](O)[C@H]2O)n1,CL,'=',5.2,mL.min-1.kg-1,,,,,,,,,0,CHEMBL1614671,Clearance in human after iv administration,A,BAO_0000218,organism-based format,Homo sapiens,None,None,None,None,,,,CHEMBL612558,ADMET,,ADMET,CHEMBL1614632,1,Scientific Literature,Drug Metab Dispos,2008,None,,,,5.2
CHEMBL1754,DOXAPRAM,4,378.52,0,3.17,Doxapram,CCN1CC(CCN2CCOCC2)C(c2ccccc2)(c2ccccc2)C1=O,CL,'=',5.3,mL.min-1.kg-1,,,,,,,,,0,CHEMBL1614671,Clearance in human after iv administration,A,BAO_0000218,organism-based format,Homo sapiens,None,None,None,None,,,,CHEMBL612558,ADMET,,ADMET,CHEMBL1614632,1,Scientific Literature,Drug Metab Dispos,2008,None,,,,5.3
CHEMBL1514,LEVOMETHADYL ACETATE,4,353.51,0,4.65,L-Acetylmethadol,CC[C@H](OC(C)=O)C(C[C@H](C)N(C)C)(c1ccccc1)c1ccccc1,CL,'=',5.4,mL.min-1.kg-1,,,,,,,,,0,CHEMBL1614671,Clearance in human after iv administration,A,BAO_0000218,organism-based format,Homo sapiens,None,None,None,None,,,,CHEMBL612558,ADMET,,ADMET,CHEMBL1614632,1,Scientific Literature,Drug Metab Dispos,2008,None,,,,5.4
CHEMBL188921,BUFLOMEDIL,4,307.39,0,2.77,Buflomedil,COc1cc(OC)c(C(=O)CCCN2CCCC2)c(OC)c1,CL,'=',5.6,mL.min-1.kg-1,,,,,,,,,0,CHEMBL1614671,Clearance in human after iv administration,A,BAO_0000218,organism-based format,Homo sapiens,None,None,None,None,,,,CHEMBL612558,ADMET,,ADMET,CHEMBL1614632,1,Scientific Literature,Drug Metab Dispos,2008,None,,,,5.6
CHEMBL656,OXYCODONE,4,315.37,0,1.05,Oxycodone,COc1ccc2c3c1O[C@H]1C(=O)CC[C@@]4(O)[C@@H](C2)N(C)CC[C@]314,CL,'=',6.1,mL.min-1.kg-1,,,,,,,,,0,CHEMBL1614671,Clearance in human after iv administration,A,BAO_0000218,organism-based format,Homo sapiens,None,None,None,None,,,,CHEMBL612558,ADMET,,ADMET,CHEMBL1614632,1,Scientific Literature,Drug Metab Dispos,2008,None,,,,6.1
CHEMBL819,OXACILLIN,4,401.44,0,1.9,Oxacillin,Cc1onc(-c2ccccc2)c1C(=O)N[C@@H]1C(=O)N2[C@@H]1SC(C)(C)[C@@H]2C(=O)O,CL,'=',6.3,mL.min-1.kg-1,,,,,,,,,0,CHEMBL1614671,Clearance in human after iv administration,A,BAO_0000218,organism-based format,Homo sapiens,None,None,None,None,,,,CHEMBL612558,ADMET,,ADMET,CHEMBL1614632,1,Scientific Literature,Drug Metab Dispos,2008,None,,,,6.3
CHEMBL4744444,,None,1620.69,None,None,Daptomycin,CCCCCCCCCC(=O)N[C@@H](Cc1c[nH]c2ccccc12)C(=O)N[C@H](CC(N)=O)C(=O)N[C@@H](CC(=O)O)C(=O)N[C@@H]1C(=O)NCC(=O)N[C@@H](CCCN)C(=O)N[C@@H](CC(=O)O)C(=O)N[C@H](C)C(=O)N[C@@H](CC(=O)O)C(=O)NCC(=O)N[C@H](CO)C(=O)N[C@@H]([C@H](C)CC(=O)O)C(=O)N[C@@H](CC(=O)c2ccccc2N)C(=O)O[C@@H]1C,CL,'=',0.16,mL.min-1.kg-1,,,,,,,,,0,CHEMBL1614671,Clearance in human after iv administration,A,BAO_0000218,organism-based format,Homo sapiens,None,None,None,None,,,,CHEMBL612558,ADMET,,ADMET,CHEMBL1614632,1,Scientific Literature,Drug Metab Dispos,2008,None,,,,0.16
CHEMBL19019,NALTREXONE,4,341.41,0,1.53,Naltrexone,O=C1CC[C@@]2(O)[C@H]3Cc4ccc(O)c5c4[C@@]2(CCN3CC2CC2)[C@H]1O5,CL,'=',57,mL.min-1.kg-1,,,,,,,,,0,CHEMBL1614671,Clearance in human after iv administration,A,BAO_0000218,organism-based format,Homo sapiens,None,None,None,None,,,,CHEMBL612558,ADMET,,ADMET,CHEMBL1614632,1,Scientific Literature,Drug Metab Dispos,2008,None,,,,57
CHEMBL27,PROPRANOLOL,4,259.35,0,2.58,Propranolol,CC(C)NCC(O)COc1cccc2ccccc12,CL,'=',12,mL.min-1.kg-1,,,,,,,,,0,CHEMBL1614671,Clearance in human after iv administration,A,BAO_0000218,organism-based format,Homo sapiens,None,None,None,None,,,,CHEMBL612558,ADMET,,ADMET,CHEMBL1614632,1,Scientific Literature,Drug Metab Dispos,2008,None,,,,12
CHEMBL1520,VARDENAFIL,4,488.61,0,2.07,Vardenafil,CCCc1nc(C)c2c(=O)nc(-c3cc(S(=O)(=O)N4CCN(CC)CC4)ccc3OCC)[nH]n12,CL,'=',13,mL.min-1.kg-1,,,,,,,,,0,CHEMBL1614671,Clearance in human after iv administration,A,BAO_0000218,organism-based format,Homo sapiens,None,None,None,None,,,,CHEMBL612558,ADMET,,ADMET,CHEMBL1614632,1,Scientific Literature,Drug Metab Dispos,2008,None,,,,13
CHEMBL1763,HYDROFLUMETHIAZIDE,4,331.3,0,0.01,Hydroflumethazide,NS(=O)(=O)c1cc2c(cc1C(F)(F)F)NCNS2(=O)=O,CL,'=',9.7,mL.min-1.kg-1,,,,,,,,,0,CHEMBL1614671,Clearance in human after iv administration,A,BAO_0000218,organism-based format,Homo sapiens,None,None,None,None,,,,CHEMBL612558,ADMET,,ADMET,CHEMBL1614632,1,Scientific Literature,Drug Metab Dispos,2008,None,,,,9.7
CHEMBL133266,BILOBALIDE,None,326.3,0,-0.74,Bilobalide,CC(C)(C)[C@]1(O)CC2OC(=O)CC23C(=O)OC2OC(=O)[C@H](O)C231,CL,'=',10,mL.min-1.kg-1,,,,,,,,,0,CHEMBL1614671,Clearance in human after iv administration,A,BAO_0000218,organism-based format,Homo sapiens,None,None,None,None,,,,CHEMBL612558,ADMET,,ADMET,CHEMBL1614632,1,Scientific Literature,Drug Metab Dispos,2008,None,,,,10
CHEMBL434394,NEBIVOLOL,4,405.44,0,2.36,Nebivolol,OC(CNCC(O)C1CCc2cc(F)ccc2O1)C1CCc2cc(F)ccc2O1,CL,'=',14,mL.min-1.kg-1,,,,,,,,,0,CHEMBL1614671,Clearance in human after iv administration,A,BAO_0000218,organism-based format,Homo sapiens,None,None,None,None,,,,CHEMBL612558,ADMET,,ADMET,CHEMBL1614632,1,Scientific Literature,Drug Metab Dispos,2008,None,,,,14
CHEMBL266195,ALPRENOLOL,2,249.35,0,2.15,Alprenolol,C=CCc1ccccc1OCC(O)CNC(C)C,CL,'=',15,mL.min-1.kg-1,,,,,,,,,0,CHEMBL1614671,Clearance in human after iv administration,A,BAO_0000218,organism-based format,Homo sapiens,None,None,None,None,,,,CHEMBL612558,ADMET,,ADMET,CHEMBL1614632,1,Scientific Literature,Drug Metab Dispos,2008,None,,,,15
CHEMBL1908351,INTOPLICINE,2,348.45,0,4.25,Intoplicine,Cc1cnc(NCCCN(C)C)c2c1[nH]c1ccc3cc(O)ccc3c12,CL,'=',18,mL.min-1.kg-1,,,,,,,,,0,CHEMBL1614671,Clearance in human after iv administration,A,BAO_0000218,organism-based format,Homo sapiens,None,None,None,None,,,,CHEMBL612558,ADMET,,ADMET,CHEMBL1614632,1,Scientific Literature,Drug Metab Dispos,2008,None,,,,18
CHEMBL585,TRIAMTERENE,4,253.27,0,0.83,Triamterene,Nc1nc(N)c2nc(-c3ccccc3)c(N)nc2n1,CL,'=',63,mL.min-1.kg-1,,,,,,,,,0,CHEMBL1614671,Clearance in human after iv administration,A,BAO_0000218,organism-based format,Homo sapiens,None,None,None,None,,,,CHEMBL612558,ADMET,,ADMET,CHEMBL1614632,1,Scientific Literature,Drug Metab Dispos,2008,None,,,,63
CHEMBL254193,ENDRALAZINE,2,269.31,0,0.38,Endralazine,N/N=c1/cc2c(n[nH]1)CCN(C(=O)c1ccccc1)C2,CL,'=',13,mL.min-1.kg-1,,,,,,,,,0,CHEMBL1614671,Clearance in human after iv administration,A,BAO_0000218,organism-based format,Homo sapiens,None,None,None,None,,,,CHEMBL612558,ADMET,,ADMET,CHEMBL1614632,1,Scientific Literature,Drug Metab Dispos,2008,None,,,,13
CHEMBL54126,NEOSTIGMINE BROMIDE,2,303.2,0,1.94,Neostigmine,CN(C)C(=O)Oc1cccc([N+](C)(C)C)c1.[Br-],CL,'=',9.2,mL.min-1.kg-1,,,,,,,,,0,CHEMBL1614671,Clearance in human after iv administration,A,BAO_0000218,organism-based format,Homo sapiens,None,None,None,None,,,,CHEMBL612558,ADMET,,ADMET,CHEMBL1614632,1,Scientific Literature,Drug Metab Dispos,2008,None,,,,9.2
CHEMBL1130,DOXIFLURIDINE,3,246.19,0,-1.69,Doxifluridine,C[C@H]1O[C@@H](n2cc(F)c(=O)[nH]c2=O)[C@H](O)[C@@H]1O,CL,'=',11,mL.min-1.kg-1,,,,,,,,,0,CHEMBL1614671,Clearance in human after iv administration,A,BAO_0000218,organism-based format,Homo sapiens,None,None,None,None,,,,CHEMBL612558,ADMET,,ADMET,CHEMBL1614632,1,Scientific Literature,Drug Metab Dispos,2008,None,,,,11
CHEMBL1614651,,None,397.44,1,0.69,KW-2170,NCCCNc1ccc2c(CNCCO)nn3c4c(O)ccc(O)c4c(=O)c1c23,CL,'=',18,mL.min-1.kg-1,,,,,,,,,0,CHEMBL1614671,Clearance in human after iv administration,A,BAO_0000218,organism-based format,Homo sapiens,None,None,None,None,,,,CHEMBL612558,ADMET,,ADMET,CHEMBL1614632,1,Scientific Literature,Drug Metab Dispos,2008,None,,,,18
CHEMBL553025,VINORELBINE,4,778.95,2,4.75,Vinorelbine,CCC1=C[C@@H]2CN(C1)Cc1c([nH]c3ccccc13)[C@@](C(=O)OC)(c1cc3c(cc1OC)N(C)[C@H]1[C@@](O)(C(=O)OC)[C@H](OC(C)=O)[C@]4(CC)C=CCN5CC[C@]31[C@@H]54)C2,CL,'=',20,mL.min-1.kg-1,,,,,,,,,0,CHEMBL1614671,Clearance in human after iv administration,A,BAO_0000218,organism-based format,Homo sapiens,None,None,None,None,,,,CHEMBL612558,ADMET,,ADMET,CHEMBL1614632,1,Scientific Literature,Drug Metab Dispos,2008,None,,,,20
CHEMBL1186579,METHYLNALTREXONE,4,356.44,0,1.67,Methylnaltrexone,C[N+]1(CC2CC2)CC[C@]23c4c5ccc(O)c4O[C@H]2C(=O)CC[C@@]3(O)[C@H]1C5,CL,'=',22,mL.min-1.kg-1,,,,,,,,,0,CHEMBL1614671,Clearance in human after iv administration,A,BAO_0000218,organism-based format,Homo sapiens,None,None,None,None,,,,CHEMBL612558,ADMET,,ADMET,CHEMBL1614632,1,Scientific Literature,Drug Metab Dispos,2008,None,,,,22
CHEMBL80,NALOXONE,4,327.38,0,1.3,Naloxone,C=CCN1CC[C@]23c4c5ccc(O)c4O[C@H]2C(=O)CC[C@@]3(O)[C@H]1C5,CL,'=',23,mL.min-1.kg-1,,,,,,,,,0,CHEMBL1614671,Clearance in human after iv administration,A,BAO_0000218,organism-based format,Homo sapiens,None,None,None,None,,,,CHEMBL612558,ADMET,,ADMET,CHEMBL1614632,1,Scientific Literature,Drug Metab Dispos,2008,None,,,,23
CHEMBL1117,IDARUBICIN,4,497.5,0,1.02,Idarubicin,CC(=O)[C@]1(O)Cc2c(O)c3c(c(O)c2[C@@H](O[C@H]2C[C@H](N)[C@H](O)[C@H](C)O2)C1)C(=O)c1ccccc1C3=O,CL,'=',24,mL.min-1.kg-1,,,,,,,,,0,CHEMBL1614671,Clearance in human after iv administration,A,BAO_0000218,organism-based format,Homo sapiens,None,None,None,None,,,,CHEMBL612558,ADMET,,ADMET,CHEMBL1614632,1,Scientific Literature,Drug Metab Dispos,2008,None,,,,24
CHEMBL1194,PRILOCAINE,4,220.32,0,2.32,Prilocaine,CCCNC(C)C(=O)Nc1ccccc1C,CL,'=',29,mL.min-1.kg-1,,,,,,,,,0,CHEMBL1614671,Clearance in human after iv administration,A,BAO_0000218,organism-based format,Homo sapiens,None,None,None,None,,,,CHEMBL612558,ADMET,,ADMET,CHEMBL1614632,1,Scientific Literature,Drug Metab Dispos,2008,None,,,,29
CHEMBL957,BOSENTAN,4,551.63,1,4.2,Bosentan,COc1ccccc1Oc1c(NS(=O)(=O)c2ccc(C(C)(C)C)cc2)nc(-c2ncccn2)nc1OCCO,CL,'=',2.1,mL.min-1.kg-1,,,,,,,,,0,CHEMBL1614671,Clearance in human after iv administration,A,BAO_0000218,organism-based format,Homo sapiens,None,None,None,None,,,,CHEMBL612558,ADMET,,ADMET,CHEMBL1614632,1,Scientific Literature,Drug Metab Dispos,2008,None,,,,2.1
CHEMBL528,CEFTIZOXIME,4,383.41,0,-0.56,Ceftizoxime,CO/N=C(\C(=O)N[C@@H]1C(=O)N2C(C(=O)O)=CCS[C@H]12)c1csc(N)n1,CL,'=',2.1,mL.min-1.kg-1,,,,,,,,,0,CHEMBL1614671,Clearance in human after iv administration,A,BAO_0000218,organism-based format,Homo sapiens,None,None,None,None,,,,CHEMBL612558,ADMET,,ADMET,CHEMBL1614632,1,Scientific Literature,Drug Metab Dispos,2008,None,,,,2.1
CHEMBL22,TRIMETHOPRIM,4,290.32,0,1.26,NCGC00024707-04,,,,,,,,,,,,,,,,,,,,,,,,,,,,,,,,,,,,,,,,,
CHEMBL1330,MORPHINE GLUCURONIDE,2,461.47,0,-0.89,Morphine-6-Glucuronide,CN1CC[C@]23c4c5ccc(O)c4O[C@H]2[C@@H](O[C@@H]2O[C@H](C(=O)O)[C@@H](O)[C@H](O)[C@H]2O)C=C[C@H]3[C@H]1C5,CL,'=',2.2,mL.min-1.kg-1,,,,,,,,,0,CHEMBL1614671,Clearance in human after iv administration,A,BAO_0000218,organism-based format,Homo sapiens,None,None,None,None,,,,CHEMBL612558,ADMET,,ADMET,CHEMBL1614632,1,Scientific Literature,Drug Metab Dispos,2008,None,,,,2.2
CHEMBL123558,AZIMILIDE,3,457.96,0,3.23,Azimilide,CN1CCN(CCCCN2C(=O)CN(/N=C/c3ccc(-c4ccc(Cl)cc4)o3)C2=O)CC1,CL,'=',2.4,mL.min-1.kg-1,,,,,,,,,0,CHEMBL1614671,Clearance in human after iv administration,A,BAO_0000218,organism-based format,Homo sapiens,None,None,None,None,,,,CHEMBL612558,ADMET,,ADMET,CHEMBL1614632,1,Scientific Literature,Drug Metab Dispos,2008,None,,,,2.4
CHEMBL130,CHLORAMPHENICOL,4,323.13,0,0.91,Chlorampenicol,O=C(N[C@H](CO)[C@H](O)c1ccc([N+](=O)[O-])cc1)C(Cl)Cl,CL,'=',2.4,mL.min-1.kg-1,,,,,,,,,0,CHEMBL1614671,Clearance in human after iv administration,A,BAO_0000218,organism-based format,Homo sapiens,None,None,None,None,,,,CHEMBL612558,ADMET,,ADMET,CHEMBL1614632,1,Scientific Literature,Drug Metab Dispos,2008,None,,,,2.4
CHEMBL1537,AZLOCILLIN,4,461.5,0,0.09,Azlocillin,CC1(C)S[C@@H]2[C@H](NC(=O)[C@H](NC(=O)N3CCNC3=O)c3ccccc3)C(=O)N2[C@H]1C(=O)O,CL,'=',2.5,mL.min-1.kg-1,,,,,,,,,0,CHEMBL1614671,Clearance in human after iv administration,A,BAO_0000218,organism-based format,Homo sapiens,None,None,None,None,,,,CHEMBL612558,ADMET,,ADMET,CHEMBL1614632,1,Scientific Literature,Drug Metab Dispos,2008,None,,,,2.5
CHEMBL285347,BIAPENEM,2,350.4,0,-1.89,Biapenem,C[C@@H](O)[C@H]1C(=O)N2C(C(=O)[O-])=C(SC3Cn4cnc[n+]4C3)[C@H](C)[C@H]12,CL,'=',2.5,mL.min-1.kg-1,,,,,,,,,0,CHEMBL1614671,Clearance in human after iv administration,A,BAO_0000218,organism-based format,Homo sapiens,None,None,None,None,,,,CHEMBL612558,ADMET,,ADMET,CHEMBL1614632,1,Scientific Literature,Drug Metab Dispos,2008,None,,,,2.5
CHEMBL505,CHLORPHENIRAMINE,4,274.8,0,3.82,Chlorpheniramine,CN(C)CCC(c1ccc(Cl)cc1)c1ccccn1,CL,'=',2.5,mL.min-1.kg-1,,,,,,,,,0,CHEMBL1614671,Clearance in human after iv administration,A,BAO_0000218,organism-based format,Homo sapiens,None,None,None,None,,,,CHEMBL612558,ADMET,,ADMET,CHEMBL1614632,1,Scientific Literature,Drug Metab Dispos,2008,None,,,,2.5
CHEMBL5314375,CIDOFOVIR,4,315.22,0,-1.66,Cidofovir,Nc1ccn(C[C@@H](CO)OCP(=O)(O)O)c(=O)n1.O.O,CL,'=',2.5,mL.min-1.kg-1,,,,,,,,,0,CHEMBL1614671,Clearance in human after iv administration,A,BAO_0000218,organism-based format,Homo sapiens,None,None,None,None,,,,CHEMBL612558,ADMET,,ADMET,CHEMBL1614632,1,Scientific Literature,Drug Metab Dispos,2008,None,,,,2.5
CHEMBL577,ENALAPRILAT ANHYDROUS,4,348.4,0,1.13,Enalaprilat,C[C@H](N[C@@H](CCc1ccccc1)C(=O)O)C(=O)N1CCC[C@H]1C(=O)O,CL,'=',1.6,mL.min-1.kg-1,,,,,,,,,0,CHEMBL1614671,Clearance in human after iv administration,A,BAO_0000218,organism-based format,Homo sapiens,None,None,None,None,,,,CHEMBL612558,ADMET,,ADMET,CHEMBL1614632,1,Scientific Literature,Drug Metab Dispos,2008,None,,,,1.6
CHEMBL651,METHADONE,4,309.45,0,4.29,Methadone,CCC(=O)C(CC(C)N(C)C)(c1ccccc1)c1ccccc1,CL,'=',1.7,mL.min-1.kg-1,,,,,,,,,0,CHEMBL1614671,Clearance in human after iv administration,A,BAO_0000218,organism-based format,Homo sapiens,None,None,None,None,,,,CHEMBL612558,ADMET,,ADMET,CHEMBL1614632,1,Scientific Literature,Drug Metab Dispos,2008,None,,,,1.7
CHEMBL22242,REMOXIPRIDE,4,371.28,0,2.68,Remoxipride,CCN1CCC[C@H]1CNC(=O)c1c(OC)ccc(Br)c1OC,CL,'=',1.7,mL.min-1.kg-1,,,,,,,,,0,CHEMBL1614671,Clearance in human after iv administration,A,BAO_0000218,organism-based format,Homo sapiens,None,None,None,None,,,,CHEMBL612558,ADMET,,ADMET,CHEMBL1614632,1,Scientific Literature,Drug Metab Dispos,2008,None,,,,1.7
CHEMBL1614639,,None,192.22,0,0.35,3'-Hydroxycotinine,CN1C(=O)[C@H](O)C[C@H]1c1cccnc1,CL,'=',1.8,mL.min-1.kg-1,,,,,,,,,0,CHEMBL1614671,Clearance in human after iv administration,A,BAO_0000218,organism-based format,Homo sapiens,None,None,None,None,,,,CHEMBL612558,ADMET,,ADMET,CHEMBL1614632,1,Scientific Literature,Drug Metab Dispos,2008,None,,,,1.8
CHEMBL1733,QUINAPRILAT,2,410.47,0,2.09,Quinaprilat,C[C@H](N[C@@H](CCc1ccccc1)C(=O)O)C(=O)N1Cc2ccccc2C[C@H]1C(=O)O,CL,'=',0.93,mL.min-1.kg-1,,,,,,,,,0,CHEMBL1614671,Clearance in human after iv administration,A,BAO_0000218,organism-based format,Homo sapiens,None,None,None,None,,,,CHEMBL612558,ADMET,,ADMET,CHEMBL1614632,1,Scientific Literature,Drug Metab Dispos,2008,None,,,,0.93
CHEMBL1180293,,None,666.91,2,5.48,Alcuronium,C=CC[N+]12CC[C@@]34c5ccccc5N5/C=C6/[C@H]7C[C@H]8[C@@]9(CC[N@@+]8(CC=C)C/C7=C/CO)c7ccccc7N(/C=C(/[C@@H](C[C@@H]31)/C(=C\CO)C2)[C@H]54)[C@@H]69,CL,'=',1.3,mL.min-1.kg-1,,,,,,,,,0,CHEMBL1614671,Clearance in human after iv administration,A,BAO_0000218,organism-based format,Homo sapiens,None,None,None,None,,,,CHEMBL612558,ADMET,,ADMET,CHEMBL1614632,1,Scientific Literature,Drug Metab Dispos,2008,None,,,,1.3
CHEMBL1725,IOPROMIDE,4,791.11,2,-0.41,Iopromide,COCC(=O)Nc1c(I)c(C(=O)NCC(O)CO)c(I)c(C(=O)N(C)CC(O)CO)c1I,CL,'=',1.4,mL.min-1.kg-1,,,,,,,,,0,CHEMBL1614671,Clearance in human after iv administration,A,BAO_0000218,organism-based format,Homo sapiens,None,None,None,None,,,,CHEMBL612558,ADMET,,ADMET,CHEMBL1614632,1,Scientific Literature,Drug Metab Dispos,2008,None,,,,1.4
CHEMBL1730,CEFOTAXIME,4,455.47,1,-0.62,CTX,CO/N=C(\C(=O)N[C@@H]1C(=O)N2C(C(=O)O)=C(COC(C)=O)CS[C@H]12)c1csc(N)n1,CL,'=',2.7,mL.min-1.kg-1,,,,,,,,,0,CHEMBL1614671,Clearance in human after iv administration,A,BAO_0000218,organism-based format,Homo sapiens,None,None,None,None,,,,CHEMBL612558,ADMET,,ADMET,CHEMBL1614632,1,Scientific Literature,Drug Metab Dispos,2008,None,,,,2.7
CHEMBL439,SULFADIAZINE,4,250.28,0,0.86,Sulfadiazine,Nc1ccc(S(=O)(=O)Nc2ncccn2)cc1,CL,'=',0.55,mL.min-1.kg-1,,,,,,,,,0,CHEMBL1614671,Clearance in human after iv administration,A,BAO_0000218,organism-based format,Homo sapiens,None,None,None,None,,,,CHEMBL612558,ADMET,,ADMET,CHEMBL1614632,1,Scientific Literature,Drug Metab Dispos,2008,None,,,,0.55
CHEMBL138225,EPRISTERIDE,2,399.58,1,5.1,Epristeride,CC(C)(C)NC(=O)[C@H]1CC[C@H]2[C@@H]3CC=C4C=C(C(=O)O)CC[C@]4(C)[C@H]3CC[C@]12C,CL,'=',0.33,mL.min-1.kg-1,,,,,,,,,0,CHEMBL1614671,Clearance in human after iv administration,A,BAO_0000218,organism-based format,Homo sapiens,None,None,None,None,,,,CHEMBL612558,ADMET,,ADMET,CHEMBL1614632,1,Scientific Literature,Drug Metab Dispos,2008,None,,,,0.33
CHEMBL50,QUERCETIN,3,302.24,0,1.99,SID11111705,O=c1c(O)c(-c2ccc(O)c(O)c2)oc2cc(O)cc(O)c12,CL,'=',11,mL.min-1.kg-1,,,,,,,,,0,CHEMBL1614671,Clearance in human after iv administration,A,BAO_0000218,organism-based format,Homo sapiens,None,None,None,None,,,,CHEMBL612558,ADMET,,ADMET,CHEMBL1614632,1,Scientific Literature,Drug Metab Dispos,2008,None,,,,11
CHEMBL1411979,METHAPYRILENE,4,261.39,0,2.71,Thionylan,CN(C)CCN(Cc1cccs1)c1ccccn1,CL,'=',28,mL.min-1.kg-1,,,,,,,,,0,CHEMBL1614671,Clearance in human after iv administration,A,BAO_0000218,organism-based format,Homo sapiens,None,None,None,None,,,,CHEMBL612558,ADMET,,ADMET,CHEMBL1614632,1,Scientific Literature,Drug Metab Dispos,2008,None,,,,28
CHEMBL121,ROSIGLITAZONE,4,357.44,0,2.49,Rosiglitazone,CN(CCOc1ccc(CC2SC(=O)NC2=O)cc1)c1ccccn1,CL,'=',0.65,mL.min-1.kg-1,,,,,,,,,0,CHEMBL1614671,Clearance in human after iv administration,A,BAO_0000218,organism-based format,Homo sapiens,None,None,None,None,,,,CHEMBL612558,ADMET,,ADMET,CHEMBL1614632,1,Scientific Literature,Drug Metab Dispos,2008,None,,,,0.65
CHEMBL782,TOLBUTAMIDE,4,270.35,0,1.78,Tolbutamide,CCCCNC(=O)NS(=O)(=O)c1ccc(C)cc1,CL,'=',0.21,mL.min-1.kg-1,,,,,,,,,0,CHEMBL1614671,Clearance in human after iv administration,A,BAO_0000218,organism-based format,Homo sapiens,None,None,None,None,,,,CHEMBL612558,ADMET,,ADMET,CHEMBL1614632,1,Scientific Literature,Drug Metab Dispos,2008,None,,,,0.21
CHEMBL265502,SURAMIN,3,1297.3,None,None,Suramin,Cc1ccc(C(=O)Nc2ccc(S(=O)(=O)O)c3cc(S(=O)(=O)O)cc(S(=O)(=O)O)c23)cc1NC(=O)c1cccc(NC(=O)Nc2cccc(C(=O)Nc3cc(C(=O)Nc4ccc(S(=O)(=O)O)c5cc(S(=O)(=O)O)cc(S(=O)(=O)O)c45)ccc3C)c2)c1,CL,'=',0.0057,mL.min-1.kg-1,,,,,,,,,0,CHEMBL1614671,Clearance in human after iv administration,A,BAO_0000218,organism-based format,Homo sapiens,None,None,None,None,,,,CHEMBL612558,ADMET,,ADMET,CHEMBL1614632,1,Scientific Literature,Drug Metab Dispos,2008,None,,,,0.0057
CHEMBL1201112,NELARABINE,4,297.27,0,-1.97,Nelarabine,COc1nc(N)nc2c1ncn2[C@@H]1O[C@H](CO)[C@@H](O)[C@@H]1O,CL,'=',81,mL.min-1.kg-1,,,,,,,,,0,CHEMBL1614671,Clearance in human after iv administration,A,BAO_0000218,organism-based format,Homo sapiens,None,None,None,None,,,,CHEMBL612558,ADMET,,ADMET,CHEMBL1614632,1,Scientific Literature,Drug Metab Dispos,2008,None,,,,81
CHEMBL3301669,DALBAVANCIN,4,1816.72,None,None,Dalbavancin,CN[C@H]1C(=O)N[C@@H]2Cc3ccc(cc3)Oc3cc4cc(c3O[C@@H]3O[C@H](C(=O)O)[C@@H](O)[C@H](O)[C@H]3NC(=O)CCCCCCCCC(C)C)Oc3ccc(cc3Cl)[C@@H](O)[C@@H]3NC(=O)[C@H](NC(=O)[C@@H]4NC(=O)[C@@H](NC2=O)c2cc(cc(O)c2Cl)Oc2cc1ccc2O)c1ccc(O)c(c1)-c1c(O[C@H]2O[C@H](CO)[C@@H](O)[C@H](O)[C@@H]2O)cc(O)cc1[C@@H](C(=O)NCCCN(C)C)NC3=O,CL,'=',0.01,mL.min-1.kg-1,,,,,,,,,0,CHEMBL1614671,Clearance in human after iv administration,A,BAO_0000218,organism-based format,Homo sapiens,None,None,None,None,,,,CHEMBL612558,ADMET,,ADMET,CHEMBL1614632,1,Scientific Literature,Drug Metab Dispos,2008,None,,,,0.01
CHEMBL641,ATOMOXETINE,4,255.36,0,3.72,Atomoxetine,CNCC[C@@H](Oc1ccccc1C)c1ccccc1,CL,'=',9.3,mL.min-1.kg-1,,,,,,,,,0,CHEMBL1614671,Clearance in human after iv administration,A,BAO_0000218,organism-based format,Homo sapiens,None,None,None,None,,,,CHEMBL612558,ADMET,,ADMET,CHEMBL1614632,1,Scientific Literature,Drug Metab Dispos,2008,None,,,,9.3
CHEMBL53463,DOXORUBICIN,4,543.53,3,0,Adriamycin,COc1cccc2c1C(=O)c1c(O)c3c(c(O)c1C2=O)C[C@@](O)(C(=O)CO)C[C@@H]3O[C@H]1C[C@H](N)[C@H](O)[C@H](C)O1,CL,'=',15,mL.min-1.kg-1,,,,,,,,,0,CHEMBL1614671,Clearance in human after iv administration,A,BAO_0000218,organism-based format,Homo sapiens,None,None,None,None,,,,CHEMBL612558,ADMET,,ADMET,CHEMBL1614632,1,Scientific Literature,Drug Metab Dispos,2008,None,,,,15
CHEMBL685,MEBENDAZOLE,4,295.3,0,2.97,Mebendazole,COC(=O)Nc1nc2cc(C(=O)c3ccccc3)ccc2[nH]1,CL,'=',15,mL.min-1.kg-1,,,,,,,,,0,CHEMBL1614671,Clearance in human after iv administration,A,BAO_0000218,organism-based format,Homo sapiens,None,None,None,None,,,,CHEMBL612558,ADMET,,ADMET,CHEMBL1614632,1,Scientific Literature,Drug Metab Dispos,2008,None,,,,15
CHEMBL632,BETAMETHASONE,4,392.47,0,1.9,Betamethasone,C[C@H]1C[C@H]2[C@@H]3CCC4=CC(=O)C=C[C@]4(C)[C@@]3(F)[C@@H](O)C[C@]2(C)[C@@]1(O)C(=O)CO,CL,'=',2.8,mL.min-1.kg-1,,,,,,,,,0,CHEMBL1614671,Clearance in human after iv administration,A,BAO_0000218,organism-based format,Homo sapiens,None,None,None,None,,,,CHEMBL612558,ADMET,,ADMET,CHEMBL1614632,1,Scientific Literature,Drug Metab Dispos,2008,None,,,,2.8
CHEMBL131,PREDNISOLONE,4,360.45,0,1.56,Prednisolone,C[C@]12C=CC(=O)C=C1CC[C@@H]1[C@@H]2[C@@H](O)C[C@@]2(C)[C@H]1CC[C@]2(O)C(=O)CO,CL,'=',2.9,mL.min-1.kg-1,,,,,,,,,0,CHEMBL1614671,Clearance in human after iv administration,A,BAO_0000218,organism-based format,Homo sapiens,None,None,None,None,,,,CHEMBL612558,ADMET,,ADMET,CHEMBL1614632,1,Scientific Literature,Drug Metab Dispos,2008,None,,,,2.9
CHEMBL148,IMIPENEM ANHYDROUS,4,299.35,0,-0.18,Imipenem,C[C@@H](O)[C@H]1C(=O)N2C(C(=O)O)=C(SCCNC=N)C[C@H]12,CL,'=',3,mL.min-1.kg-1,,,,,,,,,0,CHEMBL1614671,Clearance in human after iv administration,A,BAO_0000218,organism-based format,Homo sapiens,None,None,None,None,,,,CHEMBL612558,ADMET,,ADMET,CHEMBL1614632,1,Scientific Literature,Drug Metab Dispos,2008,None,,,,3
CHEMBL607,MEPERIDINE,4,247.34,0,2.21,Meperidine,CCOC(=O)C1(c2ccccc2)CCN(C)CC1,CL,'=',4.9,mL.min-1.kg-1,,,,,,,,,0,CHEMBL1614671,Clearance in human after iv administration,A,BAO_0000218,organism-based format,Homo sapiens,None,None,None,None,,,,CHEMBL612558,ADMET,,ADMET,CHEMBL1614632,1,Scientific Literature,Drug Metab Dispos,2008,None,,,,4.9
CHEMBL659,GALANTAMINE,4,287.36,0,1.85,Galanthamine,COc1ccc2c3c1O[C@H]1C[C@@H](O)C=C[C@@]31CCN(C)C2,CL,'=',5.6,mL.min-1.kg-1,,,,,,,,,0,CHEMBL1614671,Clearance in human after iv administration,A,BAO_0000218,organism-based format,Homo sapiens,None,None,None,None,,,,CHEMBL612558,ADMET,,ADMET,CHEMBL1614632,1,Scientific Literature,Drug Metab Dispos,2008,None,,,,5.6
CHEMBL1614656,DENAVERINE,2,383.53,0,4.49,Denaverine,CCC(CC)COC(C(=O)OCCN(C)C)(c1ccccc1)c1ccccc1,CL,'=',5.7,mL.min-1.kg-1,,,,,,,,,0,CHEMBL1614671,Clearance in human after iv administration,A,BAO_0000218,organism-based format,Homo sapiens,None,None,None,None,,,,CHEMBL612558,ADMET,,ADMET,CHEMBL1614632,1,Scientific Literature,Drug Metab Dispos,2008,None,,,,5.7
CHEMBL478,CHLOROPHENYLPIPERAZINE,2,196.68,0,1.75,m-Chlorophenylpiperazine,Clc1cccc(N2CCNCC2)c1,CL,'=',6.1,mL.min-1.kg-1,,,,,,,,,0,CHEMBL1614671,Clearance in human after iv administration,A,BAO_0000218,organism-based format,Homo sapiens,None,None,None,None,,,,CHEMBL612558,ADMET,,ADMET,CHEMBL1614632,1,Scientific Literature,Drug Metab Dispos,2008,None,,,,6.1
CHEMBL615,PENICILLIN V,4,350.4,0,0.7,Phenoxymethylpenicillin,CC1(C)S[C@@H]2[C@H](NC(=O)COc3ccccc3)C(=O)N2[C@H]1C(=O)O,CL,'=',6.8,mL.min-1.kg-1,,,,,,,,,0,CHEMBL1614671,Clearance in human after iv administration,A,BAO_0000218,organism-based format,Homo sapiens,None,None,None,None,,,,CHEMBL612558,ADMET,,ADMET,CHEMBL1614632,1,Scientific Literature,Drug Metab Dispos,2008,None,,,,6.8
CHEMBL29,PENICILLIN G,4,334.4,0,0.86,Penicillin G,CC1(C)S[C@@H]2[C@H](NC(=O)Cc3ccccc3)C(=O)N2[C@H]1C(=O)O,CL,'=',6.9,mL.min-1.kg-1,,,,,,,,,0,CHEMBL1614671,Clearance in human after iv administration,A,BAO_0000218,organism-based format,Homo sapiens,None,None,None,None,,,,CHEMBL612558,ADMET,,ADMET,CHEMBL1614632,1,Scientific Literature,Drug Metab Dispos,2008,None,,,,6.9
CHEMBL193,NIFEDIPINE,4,346.34,0,2.18,Nifedipine,COC(=O)C1=C(C)NC(C)=C(C(=O)OC)C1c1ccccc1[N+](=O)[O-],CL,'=',7.3,mL.min-1.kg-1,,,,,,,,,0,CHEMBL1614671,Clearance in human after iv administration,A,BAO_0000218,organism-based format,Homo sapiens,None,None,None,None,,,,CHEMBL612558,ADMET,,ADMET,CHEMBL1614632,1,Scientific Literature,Drug Metab Dispos,2008,None,,,,7.3
CHEMBL6273,FLEROXACIN,2,369.34,0,1.7,Fleroxacin,CN1CCN(c2c(F)cc3c(=O)c(C(=O)O)cn(CCF)c3c2F)CC1,CL,'=',2.4,mL.min-1.kg-1,,,,,,,,,0,CHEMBL1614671,Clearance in human after iv administration,A,BAO_0000218,organism-based format,Homo sapiens,None,None,None,None,,,,CHEMBL612558,ADMET,,ADMET,CHEMBL1614632,1,Scientific Literature,Drug Metab Dispos,2008,None,,,,2.4
CHEMBL274070,9-AMINOCAMPTOTHECIN,2,363.37,0,1.66,9-Aminocamptothecin,CC[C@@]1(O)C(=O)OCc2c1cc1n(c2=O)Cc2cc3c(N)cccc3nc2-1,CL,'=',6.5,mL.min-1.kg-1,,,,,,,,,0,CHEMBL1614671,Clearance in human after iv administration,A,BAO_0000218,organism-based format,Homo sapiens,None,None,None,None,,,,CHEMBL612558,ADMET,,ADMET,CHEMBL1614632,1,Scientific Literature,Drug Metab Dispos,2008,None,,,,6.5
CHEMBL1646,INDOCYANINE GREEN,4,774.98,2,8.71,Indocyanine Green,CC1(C)C(/C=C/C=C/C=C/C=C2\N(CCCCS(=O)(=O)[O-])c3ccc4ccccc4c3C2(C)C)=[N+](CCCCS(=O)(=O)[O-])c2ccc3ccccc3c21.[Na+],CL,'=',6.8,mL.min-1.kg-1,,,,,,,,,0,CHEMBL1614671,Clearance in human after iv administration,A,BAO_0000218,organism-based format,Homo sapiens,None,None,None,None,,,,CHEMBL612558,ADMET,,ADMET,CHEMBL1614632,1,Scientific Literature,Drug Metab Dispos,2008,None,,,,6.8
CHEMBL277062,BROMAZEPAM,4,316.16,0,2.63,Bromazepam,O=C1CN=C(c2ccccn2)c2cc(Br)ccc2N1,CL,'=',0.51,mL.min-1.kg-1,,,,,,,,,0,CHEMBL1614671,Clearance in human after iv administration,A,BAO_0000218,organism-based format,Homo sapiens,None,None,None,None,,,,CHEMBL612558,ADMET,,ADMET,CHEMBL1614632,1,Scientific Literature,Drug Metab Dispos,2008,None,,,,0.51
CHEMBL269732,TACROLIMUS ANHYDROUS,4,804.03,2,4.64,Tacrolimus,C=CC[C@@H]1/C=C(\C)C[C@H](C)C[C@H](OC)[C@H]2O[C@@](O)(C(=O)C(=O)N3CCCC[C@H]3C(=O)O[C@H](/C(C)=C/[C@@H]3CC[C@@H](O)[C@H](OC)C3)[C@H](C)[C@@H](O)CC1=O)[C@H](C)C[C@@H]2OC,CL,'=',0.7,mL.min-1.kg-1,,,,,,,,,0,CHEMBL1614671,Clearance in human after iv administration,A,BAO_0000218,organism-based format,Homo sapiens,None,None,None,None,,,,CHEMBL612558,ADMET,,ADMET,CHEMBL1614632,1,Scientific Literature,Drug Metab Dispos,2008,None,,,,0.7
CHEMBL1200649,QUINUPRISTIN,4,1022.24,None,None,Quinupristin,CC[C@H]1NC(=O)[C@@H](NC(=O)c2ncccc2O)[C@@H](C)OC(=O)[C@H](c2ccccc2)NC(=O)[C@@H]2CC(=O)[C@H](CS[C@@H]3CN4CCC3CC4)CN2C(=O)[C@H](Cc2ccc(N(C)C)cc2)N(C)C(=O)[C@@H]2CCCN2C1=O,CL,'=',16,mL.min-1.kg-1,,,,,,,,,0,CHEMBL1614671,Clearance in human after iv administration,A,BAO_0000218,organism-based format,Homo sapiens,None,None,None,None,,,,CHEMBL612558,ADMET,,ADMET,CHEMBL1614632,1,Scientific Literature,Drug Metab Dispos,2008,None,,,,16
CHEMBL286494,HYPERICIN,3,504.45,3,5.08,SID579322,Cc1cc(O)c2c(=O)c3c(O)cc(O)c4c5c(O)cc(O)c6c(=O)c7c(O)cc(C)c8c1c2c(c34)c(c78)c65,CL,'=',0.13,mL.min-1.kg-1,,,,,,,,,0,CHEMBL1614671,Clearance in human after iv administration,A,BAO_0000218,organism-based format,Homo sapiens,None,None,None,None,,,,CHEMBL612558,ADMET,,ADMET,CHEMBL1614632,1,Scientific Literature,Drug Metab Dispos,2008,None,,,,0.13
CHEMBL452231,TENIPOSIDE,4,656.66,2,2.75,Teniposide,COc1cc([C@@H]2c3cc4c(cc3[C@@H](O[C@@H]3O[C@@H]5CO[C@@H](c6cccs6)O[C@H]5[C@H](O)[C@H]3O)[C@H]3COC(=O)[C@H]23)OCO4)cc(OC)c1O,CL,'=',0.19,mL.min-1.kg-1,,,,,,,,,0,CHEMBL1614671,Clearance in human after iv administration,A,BAO_0000218,organism-based format,Homo sapiens,None,None,None,None,,,,CHEMBL612558,ADMET,,ADMET,CHEMBL1614632,1,Scientific Literature,Drug Metab Dispos,2008,None,,,,0.19
CHEMBL575,METHICILLIN,4,380.42,0,0.95,Methicillin,COc1cccc(OC)c1C(=O)N[C@@H]1C(=O)N2[C@@H]1SC(C)(C)[C@@H]2C(=O)O,CL,'=',6.6,mL.min-1.kg-1,,,,,,,,,0,CHEMBL1614671,Clearance in human after iv administration,A,BAO_0000218,organism-based format,Homo sapiens,None,None,None,None,,,,CHEMBL612558,ADMET,,ADMET,CHEMBL1614632,1,Scientific Literature,Drug Metab Dispos,2008,None,,,,6.6
CHEMBL1087,MEPIVACAINE,4,246.35,0,2.73,Mepivacaine,Cc1cccc(C)c1NC(=O)C1CCCCN1C,CL,'=',6.8,mL.min-1.kg-1,,,,,,,,,0,CHEMBL1614671,Clearance in human after iv administration,A,BAO_0000218,organism-based format,Homo sapiens,None,None,None,None,,,,CHEMBL612558,ADMET,,ADMET,CHEMBL1614632,1,Scientific Literature,Drug Metab Dispos,2008,None,,,,6.8
CHEMBL1201368,PERINDOPRILAT,2,340.42,0,1.46,Perindoprilat,CCC[C@H](N[C@@H](C)C(=O)N1[C@H](C(=O)O)C[C@@H]2CCCC[C@@H]21)C(=O)O,CL,'=',1.7,mL.min-1.kg-1,,,,,,,,,0,CHEMBL1614671,Clearance in human after iv administration,A,BAO_0000218,organism-based format,Homo sapiens,None,None,None,None,,,,CHEMBL612558,ADMET,,ADMET,CHEMBL1614632,1,Scientific Literature,Drug Metab Dispos,2008,None,,,,1.7
CHEMBL404520,CHLORTETRACYCLINE,4,478.89,1,0.44,Chlortetracycline,CN(C)[C@@H]1C(O)=C(C(N)=O)C(=O)[C@@]2(O)C(O)=C3C(=O)c4c(O)ccc(Cl)c4[C@@](C)(O)[C@H]3C[C@@H]12,CL,'=',2,mL.min-1.kg-1,,,,,,,,,0,CHEMBL1614671,Clearance in human after iv administration,A,BAO_0000218,organism-based format,Homo sapiens,None,None,None,None,,,,CHEMBL612558,ADMET,,ADMET,CHEMBL1614632,1,Scientific Literature,Drug Metab Dispos,2008,None,,,,2
CHEMBL1463,FLUCYTOSINE,4,129.09,0,-0.51,FC,Nc1nc(=O)[nH]cc1F,CL,'=',2,mL.min-1.kg-1,,,,,,,,,0,CHEMBL1614671,Clearance in human after iv administration,A,BAO_0000218,organism-based format,Homo sapiens,None,None,None,None,,,,CHEMBL612558,ADMET,,ADMET,CHEMBL1614632,1,Scientific Literature,Drug Metab Dispos,2008,None,,,,2
CHEMBL107,COLCHICINE,4,399.44,0,2.87,SID11114044,COc1cc2c(c(OC)c1OC)-c1ccc(OC)c(=O)cc1[C@@H](NC(C)=O)CC2,CL,'=',2.1,mL.min-1.kg-1,,,,,,,,,0,CHEMBL1614671,Clearance in human after iv administration,A,BAO_0000218,organism-based format,Homo sapiens,None,None,None,None,,,,CHEMBL612558,ADMET,,ADMET,CHEMBL1614632,1,Scientific Literature,Drug Metab Dispos,2008,None,,,,2.1
CHEMBL384467,DEXAMETHASONE,4,392.47,0,1.9,SID17389945,C[C@@H]1C[C@H]2[C@@H]3CCC4=CC(=O)C=C[C@]4(C)[C@@]3(F)[C@@H](O)C[C@]2(C)[C@@]1(O)C(=O)CO,CL,'=',3.3,mL.min-1.kg-1,,,,,,,,,0,CHEMBL1614671,Clearance in human after iv administration,A,BAO_0000218,organism-based format,Homo sapiens,None,None,None,None,,,,CHEMBL612558,ADMET,,ADMET,CHEMBL1614632,1,Scientific Literature,Drug Metab Dispos,2008,None,,,,3.3
CHEMBL108358,TIAZOFURIN,2,260.27,0,-1.6,Tiazofurine,NC(=O)c1csc([C@@H]2O[C@H](CO)[C@@H](O)[C@H]2O)n1,CL,'=',2.4,mL.min-1.kg-1,,,,,,,,,0,CHEMBL1614671,Clearance in human after iv administration,A,BAO_0000218,organism-based format,Homo sapiens,None,None,None,None,,,,CHEMBL612558,ADMET,,ADMET,CHEMBL1614632,1,Scientific Literature,Drug Metab Dispos,2008,None,,,,2.4
CHEMBL1614662,,None,530.67,1,2.63,BB-83698,CC(C)(C)[C@H](NC(=O)[C@H](CC1CCCC1)CN(O)C=O)C(=O)N1CCN(Cc2ccc3c(c2)OCO3)CC1,CL,'=',3.1,mL.min-1.kg-1,,,,,,,,,0,CHEMBL1614671,Clearance in human after iv administration,A,BAO_0000218,organism-based format,Homo sapiens,None,None,None,None,,,,CHEMBL612558,ADMET,,ADMET,CHEMBL1614632,1,Scientific Literature,Drug Metab Dispos,2008,None,,,,3.1
CHEMBL1201244,ROCURONIUM,4,529.79,1,4.41,Rocuronium,C=CC[N+]1([C@H]2C[C@H]3[C@@H]4CC[C@H]5C[C@H](O)[C@@H](N6CCOCC6)C[C@]5(C)[C@H]4CC[C@]3(C)[C@H]2OC(C)=O)CCCC1,CL,'=',3.7,mL.min-1.kg-1,,,,,,,,,0,CHEMBL1614671,Clearance in human after iv administration,A,BAO_0000218,organism-based format,Homo sapiens,None,None,None,None,,,,CHEMBL612558,ADMET,,ADMET,CHEMBL1614632,1,Scientific Literature,Drug Metab Dispos,2008,None,,,,3.7
CHEMBL349803,PIRETANIDE,4,362.41,0,2.42,Piretanide,NS(=O)(=O)c1cc(C(=O)O)cc(N2CCCC2)c1Oc1ccccc1,CL,'=',3.1,mL.min-1.kg-1,,,,,,,,,0,CHEMBL1614671,Clearance in human after iv administration,A,BAO_0000218,organism-based format,Homo sapiens,None,None,None,None,,,,CHEMBL612558,ADMET,,ADMET,CHEMBL1614632,1,Scientific Literature,Drug Metab Dispos,2008,None,,,,3.1
CHEMBL1095284,CEFATRIZINE,2,462.51,0,0.04,Cefatrizine,N[C@@H](C(=O)N[C@@H]1C(=O)N2C(C(=O)O)=C(CSc3c[nH]nn3)CS[C@H]12)c1ccc(O)cc1,CL,'=',3.3,mL.min-1.kg-1,,,,,,,,,0,CHEMBL1614671,Clearance in human after iv administration,A,BAO_0000218,organism-based format,Homo sapiens,None,None,None,None,,,,CHEMBL612558,ADMET,,ADMET,CHEMBL1614632,1,Scientific Literature,Drug Metab Dispos,2008,None,,,,3.3
CHEMBL376140,TIGECYCLINE,4,585.66,3,0.51,Tigecycline,CN(C)c1cc(NC(=O)CNC(C)(C)C)c(O)c2c1C[C@H]1C[C@H]3[C@H](N(C)C)C(O)=C(C(N)=O)C(=O)[C@@]3(O)C(O)=C1C2=O,CL,'=',3.8,mL.min-1.kg-1,,,,,,,,,0,CHEMBL1614671,Clearance in human after iv administration,A,BAO_0000218,organism-based format,Homo sapiens,None,None,None,None,,,,CHEMBL612558,ADMET,,ADMET,CHEMBL1614632,1,Scientific Literature,Drug Metab Dispos,2008,None,,,,3.8
CHEMBL325166,NAPSAGATRAN ANHYDROUS,2,558.66,1,0.67,Napsagatran,N=C(N)N1CCC[C@@H](CNC(=O)C[C@H](NS(=O)(=O)c2ccc3ccccc3c2)C(=O)N(CC(=O)O)C2CC2)C1,CL,'=',6.4,mL.min-1.kg-1,,,,,,,,,0,CHEMBL1614671,Clearance in human after iv administration,A,BAO_0000218,organism-based format,Homo sapiens,None,None,None,None,,,,CHEMBL612558,ADMET,,ADMET,CHEMBL1614632,1,Scientific Literature,Drug Metab Dispos,2008,None,,,,6.4
CHEMBL515,CHLORAMBUCIL,4,304.22,0,3.38,Chlorambucil,O=C(O)CCCc1ccc(N(CCCl)CCCl)cc1,CL,'=',2.8,mL.min-1.kg-1,,,,,,,,,0,CHEMBL1614671,Clearance in human after iv administration,A,BAO_0000218,organism-based format,Homo sapiens,None,None,None,None,,,,CHEMBL612558,ADMET,,ADMET,CHEMBL1614632,1,Scientific Literature,Drug Metab Dispos,2008,None,,,,2.8
CHEMBL853,ZALCITABINE,4,211.22,0,-0.5,Zalcitabine,Nc1ccn([C@H]2CC[C@@H](CO)O2)c(=O)n1,CL,'=',5.6,mL.min-1.kg-1,,,,,,,,,0,CHEMBL1614671,Clearance in human after iv administration,A,BAO_0000218,organism-based format,Homo sapiens,None,None,None,None,,,,CHEMBL612558,ADMET,,ADMET,CHEMBL1614632,1,Scientific Literature,Drug Metab Dispos,2008,None,,,,5.6
CHEMBL507870,TELAVANCIN,4,1755.66,None,None,Telavancin,CCCCCCCCCCNCCN[C@@]1(C)C[C@H](O[C@H]2[C@H](Oc3c4cc5cc3Oc3ccc(cc3Cl)[C@@H](O)[C@@H](NC(=O)[C@@H](CC(C)C)NC)C(=O)N[C@@H](CC(N)=O)C(=O)N[C@H]5C(=O)N[C@H]3C(=O)N[C@H](C(=O)N[C@H](C(=O)O)c5cc(O)c(CNCP(=O)(O)O)c(O)c5-c5cc3ccc5O)[C@H](O)c3ccc(c(Cl)c3)O4)O[C@H](CO)[C@@H](O)[C@@H]2O)O[C@@H](C)[C@H]1O,CL,'=',0.2,mL.min-1.kg-1,,,,,,,,,0,CHEMBL1614671,Clearance in human after iv administration,A,BAO_0000218,organism-based format,Homo sapiens,None,None,None,None,,,,CHEMBL612558,ADMET,,ADMET,CHEMBL1614632,1,Scientific Literature,Drug Metab Dispos,2008,None,,,,0.2
CHEMBL1073,GLIPIZIDE,4,445.55,0,2.08,Glipizide,Cc1cnc(C(=O)NCCc2ccc(S(=O)(=O)NC(=O)NC3CCCCC3)cc2)cn1,CL,'=',0.56,mL.min-1.kg-1,,,,,,,,,0,CHEMBL1614671,Clearance in human after iv administration,A,BAO_0000218,organism-based format,Homo sapiens,None,None,None,None,,,,CHEMBL612558,ADMET,,ADMET,CHEMBL1614632,1,Scientific Literature,Drug Metab Dispos,2008,None,,,,0.56
CHEMBL836,TAMSULOSIN,4,408.52,0,2.34,tamsulosin,CCOc1ccccc1OCCN[C@H](C)Cc1ccc(OC)c(S(N)(=O)=O)c1,CL,'=',0.62,mL.min-1.kg-1,,,,,,,,,0,CHEMBL1614671,Clearance in human after iv administration,A,BAO_0000218,organism-based format,Homo sapiens,None,None,None,None,,,,CHEMBL612558,ADMET,,ADMET,CHEMBL1614632,1,Scientific Literature,Drug Metab Dispos,2008,None,,,,0.62
CHEMBL14370,REBOXETINE,4,313.4,0,3.19,Reboxetine,CCOc1ccccc1OC(c1ccccc1)C1CNCCO1,CL,'=',0.82,mL.min-1.kg-1,,,,,,,,,0,CHEMBL1614671,Clearance in human after iv administration,A,BAO_0000218,organism-based format,Homo sapiens,None,None,None,None,,,,CHEMBL612558,ADMET,,ADMET,CHEMBL1614632,1,Scientific Literature,Drug Metab Dispos,2008,None,,,,0.82
CHEMBL86715,PROCYCLIDINE,4,287.45,0,3.94,Procyclidine,OC(CCN1CCCC1)(c1ccccc1)C1CCCCC1,CL,'=',0.86,mL.min-1.kg-1,,,,,,,,,0,CHEMBL1614671,Clearance in human after iv administration,A,BAO_0000218,organism-based format,Homo sapiens,None,None,None,None,,,,CHEMBL612558,ADMET,,ADMET,CHEMBL1614632,1,Scientific Literature,Drug Metab Dispos,2008,None,,,,0.86
CHEMBL1201182,TEMSIROLIMUS,4,1030.3,None,None,Temsirolimus,CO[C@H]1C[C@@H]2CC[C@@H](C)[C@@](O)(O2)C(=O)C(=O)N2CCCC[C@H]2C(=O)O[C@H]([C@H](C)C[C@@H]2CC[C@@H](OC(=O)C(C)(CO)CO)[C@H](OC)C2)CC(=O)[C@H](C)/C=C(\C)[C@@H](O)[C@@H](OC)C(=O)[C@H](C)C[C@H](C)/C=C/C=C/C=C/1C,CL,'=',7.7,mL.min-1.kg-1,,,,,,,,,0,CHEMBL1614671,Clearance in human after iv administration,A,BAO_0000218,organism-based format,Homo sapiens,None,None,None,None,,,,CHEMBL612558,ADMET,,ADMET,CHEMBL1614632,1,Scientific Literature,Drug Metab Dispos,2008,None,,,,7.7
CHEMBL723,CARVEDILOL,4,406.48,0,3.74,Carvedilol,COc1ccccc1OCCNCC(O)COc1cccc2[nH]c3ccccc3c12,CL,'=',7.8,mL.min-1.kg-1,,,,,,,,,0,CHEMBL1614671,Clearance in human after iv administration,A,BAO_0000218,organism-based format,Homo sapiens,None,None,None,None,,,,CHEMBL612558,ADMET,,ADMET,CHEMBL1614632,1,Scientific Literature,Drug Metab Dispos,2008,None,,,,7.8
CHEMBL54,HALOPERIDOL,4,375.87,0,4.43,haloperidol,O=C(CCCN1CCC(O)(c2ccc(Cl)cc2)CC1)c1ccc(F)cc1,CL,'=',7.8,mL.min-1.kg-1,,,,,,,,,0,CHEMBL1614671,Clearance in human after iv administration,A,BAO_0000218,organism-based format,Homo sapiens,None,None,None,None,,,,CHEMBL612558,ADMET,,ADMET,CHEMBL1614632,1,Scientific Literature,Drug Metab Dispos,2008,None,,,,7.8
CHEMBL638,VORICONAZOLE,4,349.32,0,2.18,Voriconazole,C[C@@H](c1ncncc1F)[C@](O)(Cn1cncn1)c1ccc(F)cc1F,CL,'=',8.3,mL.min-1.kg-1,,,,,,,,,0,CHEMBL1614671,Clearance in human after iv administration,A,BAO_0000218,organism-based format,Homo sapiens,None,None,None,None,,,,CHEMBL612558,ADMET,,ADMET,CHEMBL1614632,1,Scientific Literature,Drug Metab Dispos,2008,None,,,,8.3
CHEMBL1370,BUDESONIDE,4,430.54,0,2.72,Budesonide,CCCC1O[C@@H]2C[C@H]3[C@@H]4CCC5=CC(=O)C=C[C@]5(C)[C@H]4[C@@H](O)C[C@]3(C)[C@]2(C(=O)CO)O1,CL,'=',20,mL.min-1.kg-1,,,,,,,,,0,CHEMBL1614671,Clearance in human after iv administration,A,BAO_0000218,organism-based format,Homo sapiens,None,None,None,None,,,,CHEMBL612558,ADMET,,ADMET,CHEMBL1614632,1,Scientific Literature,Drug Metab Dispos,2008,None,,,,20
CHEMBL1005,REMIFENTANIL,4,376.45,0,2,Remifentanil,CCC(=O)N(c1ccccc1)C1(C(=O)OC)CCN(CCC(=O)OC)CC1,CL,'=',37,mL.min-1.kg-1,,,,,,,,,0,CHEMBL1614671,Clearance in human after iv administration,A,BAO_0000218,organism-based format,Homo sapiens,None,None,None,None,,,,CHEMBL612558,ADMET,,ADMET,CHEMBL1614632,1,Scientific Literature,Drug Metab Dispos,2008,None,,,,37
CHEMBL434,ISOPROTERENOL,4,211.26,0,1.13,Isoproterenol,CC(C)NCC(O)c1ccc(O)c(O)c1,CL,'=',56,mL.min-1.kg-1,,,,,,,,,0,CHEMBL1614671,Clearance in human after iv administration,A,BAO_0000218,organism-based format,Homo sapiens,None,None,None,None,,,,CHEMBL612558,ADMET,,ADMET,CHEMBL1614632,1,Scientific Literature,Drug Metab Dispos,2008,None,,,,56
CHEMBL40,PHENOBARBITAL,4,232.24,0,0.7,Phenobarbital,CCC1(c2ccccc2)C(=O)NC(=O)NC1=O,CL,'=',0.063,mL.min-1.kg-1,,,,,,,,,0,CHEMBL1614671,Clearance in human after iv administration,A,BAO_0000218,organism-based format,Homo sapiens,None,None,None,None,,,,CHEMBL612558,ADMET,,ADMET,CHEMBL1614632,1,Scientific Literature,Drug Metab Dispos,2008,None,,,,0.063
CHEMBL451,CHLORDIAZEPOXIDE,4,299.76,0,2.95,Chlordiazepoxide,CNC1=Nc2ccc(Cl)cc2C(c2ccccc2)=[N+]([O-])C1,CL,'=',0.37,mL.min-1.kg-1,,,,,,,,,0,CHEMBL1614671,Clearance in human after iv administration,A,BAO_0000218,organism-based format,Homo sapiens,None,None,None,None,,,,CHEMBL612558,ADMET,,ADMET,CHEMBL1614632,1,Scientific Literature,Drug Metab Dispos,2008,None,,,,0.37
CHEMBL428,TROVAFLOXACIN,4,416.36,0,1.89,Trovafloxacin,N[C@@H]1[C@H]2CN(c3nc4c(cc3F)c(=O)c(C(=O)O)cn4-c3ccc(F)cc3F)C[C@@H]12,CL,'=',1.4,mL.min-1.kg-1,,,,,,,,,0,CHEMBL1614671,Clearance in human after iv administration,A,BAO_0000218,organism-based format,Homo sapiens,None,None,None,None,,,,CHEMBL612558,ADMET,,ADMET,CHEMBL1614632,1,Scientific Literature,Drug Metab Dispos,2008,None,,,,1.4
CHEMBL796,METHYLPHENIDATE,4,233.31,0,2.09,Methylphenidate,COC(=O)C(c1ccccc1)C1CCCCN1,CL,'=',0.55,mL.min-1.kg-1,,,,,,,,,0,CHEMBL1614671,Clearance in human after iv administration,A,BAO_0000218,organism-based format,Homo sapiens,None,None,None,None,,,,CHEMBL612558,ADMET,,ADMET,CHEMBL1614632,1,Scientific Literature,Drug Metab Dispos,2008,None,,,,0.55
CHEMBL20,ACETAZOLAMIDE,4,222.25,0,-0.86,Acetazolamide,CC(=O)Nc1nnc(S(N)(=O)=O)s1,CL,'=',0.65,mL.min-1.kg-1,,,,,,,,,0,CHEMBL1614671,Clearance in human after iv administration,A,BAO_0000218,organism-based format,Homo sapiens,None,None,None,None,,,,CHEMBL612558,ADMET,,ADMET,CHEMBL1614632,1,Scientific Literature,Drug Metab Dispos,2008,None,,,,0.65
CHEMBL74632,MOXALACTAM,4,520.48,2,-1.13,Moxalactam,CO[C@@]1(NC(=O)C(C(=O)O)c2ccc(O)cc2)C(=O)N2C(C(=O)O)=C(CSc3nnnn3C)CO[C@@H]21,CL,'=',0.72,mL.min-1.kg-1,,,,,,,,,0,CHEMBL1614671,Clearance in human after iv administration,A,BAO_0000218,organism-based format,Homo sapiens,None,None,None,None,,,,CHEMBL612558,ADMET,,ADMET,CHEMBL1614632,1,Scientific Literature,Drug Metab Dispos,2008,None,,,,0.72
CHEMBL661,ALPRAZOLAM,4,308.77,0,3.58,Alprazolam,Cc1nnc2n1-c1ccc(Cl)cc1C(c1ccccc1)=NC2,CL,'=',0.74,mL.min-1.kg-1,,,,,,,,,0,CHEMBL1614671,Clearance in human after iv administration,A,BAO_0000218,organism-based format,Homo sapiens,None,None,None,None,,,,CHEMBL612558,ADMET,,ADMET,CHEMBL1614632,1,Scientific Literature,Drug Metab Dispos,2008,None,,,,0.74
CHEMBL372795,STREPTOMYCIN,4,581.58,3,-8.16,Streptomycin,CN[C@@H]1[C@H](O[C@H]2[C@H](O[C@H]3[C@H](O)[C@@H](O)[C@H](N=C(N)N)[C@@H](O)[C@@H]3N=C(N)N)O[C@@H](C)[C@]2(O)C=O)O[C@@H](CO)[C@H](O)[C@H]1O,CL,'=',0.78,mL.min-1.kg-1,,,,,,,,,0,CHEMBL1614671,Clearance in human after iv administration,A,BAO_0000218,organism-based format,Homo sapiens,None,None,None,None,,,,CHEMBL612558,ADMET,,ADMET,CHEMBL1614632,1,Scientific Literature,Drug Metab Dispos,2008,None,,,,0.78
CHEMBL521,IBUPROFEN,4,206.28,0,3.07,Ibuprofen,CC(C)Cc1ccc(C(C)C(=O)O)cc1,CL,'=',0.82,mL.min-1.kg-1,,,,,,,,,0,CHEMBL1614671,Clearance in human after iv administration,A,BAO_0000218,organism-based format,Homo sapiens,None,None,None,None,,,,CHEMBL612558,ADMET,,ADMET,CHEMBL1614632,1,Scientific Literature,Drug Metab Dispos,2008,None,,,,0.82
CHEMBL1431,METFORMIN,4,129.17,0,-1.03,Metformin,CN(C)C(=N)NC(=N)N,CL,'=',7.4,mL.min-1.kg-1,,,,,,,,,0,CHEMBL1614671,Clearance in human after iv administration,A,BAO_0000218,organism-based format,Homo sapiens,None,None,None,None,,,,CHEMBL612558,ADMET,,ADMET,CHEMBL1614632,1,Scientific Literature,Drug Metab Dispos,2008,None,,,,7.4
CHEMBL1614640,,None,1121.14,None,None,PNU-145156E,Cn1cc(NC(=O)Nc2cc(C(=O)Nc3cc(C(=O)Nc4ccc5cc(S(=O)(=O)O)cc(S(=O)(=O)O)c5c4)n(C)c3)n(C)c2)cc1C(=O)Nc1cc(C(=O)Nc2ccc3cc(S(=O)(=O)O)cc(S(=O)(=O)O)c3c2)n(C)c1,CL,'=',0.0047,mL.min-1.kg-1,,,,,,,,,0,CHEMBL1614671,Clearance in human after iv administration,A,BAO_0000218,organism-based format,Homo sapiens,None,None,None,None,,,,CHEMBL612558,ADMET,,ADMET,CHEMBL1614632,1,Scientific Literature,Drug Metab Dispos,2008,None,,,,0.0047
CHEMBL666,FOSCARNET,4,126,0,-0.16,Foscarnet,O=C(O)P(=O)(O)O,CL,'=',2.1,mL.min-1.kg-1,,,,,,,,,0,CHEMBL1614671,Clearance in human after iv administration,A,BAO_0000218,organism-based format,Homo sapiens,None,None,None,None,,,,CHEMBL612558,ADMET,,ADMET,CHEMBL1614632,1,Scientific Literature,Drug Metab Dispos,2008,None,,,,2.1
CHEMBL1513,IRBESARTAN,4,428.54,0,4.78,Irbesartan,CCCCC1=NC2(CCCC2)C(=O)N1Cc1ccc(-c2ccccc2-c2nnn[nH]2)cc1,CL,'=',2.3,mL.min-1.kg-1,,,,,,,,,0,CHEMBL1614671,Clearance in human after iv administration,A,BAO_0000218,organism-based format,Homo sapiens,None,None,None,None,,,,CHEMBL612558,ADMET,,ADMET,CHEMBL1614632,1,Scientific Literature,Drug Metab Dispos,2008,None,,,,2.3
CHEMBL617,CEPHALOTHIN,4,396.45,0,0.59,Cephalothin,CC(=O)OCC1=C(C(=O)O)N2C(=O)[C@@H](NC(=O)Cc3cccs3)[C@H]2SC1,CL,'=',1.8,mL.min-1.kg-1,,,,,,,,,0,CHEMBL1614671,Clearance in human after iv administration,A,BAO_0000218,organism-based format,Homo sapiens,None,None,None,None,,,,CHEMBL612558,ADMET,,ADMET,CHEMBL1614632,1,Scientific Literature,Drug Metab Dispos,2008,None,,,,1.8
CHEMBL783,NATEGLINIDE,4,317.43,0,3.26,Nateglinide,CC(C)[C@H]1CC[C@H](C(=O)N[C@H](Cc2ccccc2)C(=O)O)CC1,CL,'=',1.8,mL.min-1.kg-1,,,,,,,,,0,CHEMBL1614671,Clearance in human after iv administration,A,BAO_0000218,organism-based format,Homo sapiens,None,None,None,None,,,,CHEMBL612558,ADMET,,ADMET,CHEMBL1614632,1,Scientific Literature,Drug Metab Dispos,2008,None,,,,1.8
CHEMBL1214,CARBENICILLIN,4,378.41,0,0.49,Carbenicillin,CC1(C)S[C@@H]2[C@H](NC(=O)C(C(=O)O)c3ccccc3)C(=O)N2[C@H]1C(=O)O,CL,'=',1.9,mL.min-1.kg-1,,,,,,,,,0,CHEMBL1614671,Clearance in human after iv administration,A,BAO_0000218,organism-based format,Homo sapiens,None,None,None,None,,,,CHEMBL612558,ADMET,,ADMET,CHEMBL1614632,1,Scientific Literature,Drug Metab Dispos,2008,None,,,,1.9
CHEMBL1201199,LEUPROLIDE,4,1209.42,None,None,Leuprolide,CCNC(=O)[C@@H]1CCCN1C(=O)[C@H](CCCNC(=N)N)NC(=O)[C@H](CC(C)C)NC(=O)[C@@H](CC(C)C)NC(=O)[C@H](Cc1ccc(O)cc1)NC(=O)[C@H](CO)NC(=O)[C@H](Cc1c[nH]c2ccccc12)NC(=O)[C@H](Cc1c[nH]cn1)NC(=O)[C@@H]1CCC(=O)N1,CL,'=',2,mL.min-1.kg-1,,,,,,,,,0,CHEMBL1614671,Clearance in human after iv administration,A,BAO_0000218,organism-based format,Homo sapiens,None,None,None,None,,,,CHEMBL612558,ADMET,,ADMET,CHEMBL1614632,1,Scientific Literature,Drug Metab Dispos,2008,None,,,,2
CHEMBL1360,ATRACURIUM,4,929.16,3,8.07,Atracurium,COc1ccc(CC2c3cc(OC)c(OC)cc3CC[N+]2(C)CCC(=O)OCCCCCOC(=O)CC[N+]2(C)CCc3cc(OC)c(OC)cc3C2Cc2ccc(OC)c(OC)c2)cc1OC,CL,'=',5.7,mL.min-1.kg-1,,,,,,,,,0,CHEMBL1614671,Clearance in human after iv administration,A,BAO_0000218,organism-based format,Homo sapiens,None,None,None,None,,,,CHEMBL612558,ADMET,,ADMET,CHEMBL1614632,1,Scientific Literature,Drug Metab Dispos,2008,None,,,,5.7
CHEMBL189,MILRINONE,4,211.22,0,1.62,Milrinone,Cc1[nH]c(=O)c(C#N)cc1-c1ccncc1,CL,'=',6.2,mL.min-1.kg-1,,,,,,,,,0,CHEMBL1614671,Clearance in human after iv administration,A,BAO_0000218,organism-based format,Homo sapiens,None,None,None,None,,,,CHEMBL612558,ADMET,,ADMET,CHEMBL1614632,1,Scientific Literature,Drug Metab Dispos,2008,None,,,,6.2
CHEMBL343118,7-Methylthiomethylpaclitaxel,None,900.06,3,5.44,7-Methylthiomethylpaclitaxel,CSCO[C@H]1C[C@H]2OC[C@@]2(OC(C)=O)C2[C@H](OCc3ccccc3)[C@]3(O)CC(OC(=O)[C@H](O)[C@@H](NC(=O)c4ccccc4)c4ccccc4)C(C)=C([C@@H](OC(C)=O)C(=O)[C@@]21C)C3(C)C,CL,'=',6.4,mL.min-1.kg-1,,,,,,,,,0,CHEMBL1614671,Clearance in human after iv administration,A,BAO_0000218,organism-based format,Homo sapiens,None,None,None,None,,,,CHEMBL612558,ADMET,,ADMET,CHEMBL1614632,1,Scientific Literature,Drug Metab Dispos,2008,None,,,,6.4
CHEMBL51,KETANSERIN,4,395.43,0,2.42,Ketanserin,O=C(c1ccc(F)cc1)C1CCN(CCn2c(=O)[nH]c3ccccc3c2=O)CC1,CL,'=',6.7,mL.min-1.kg-1,,,,,,,,,0,CHEMBL1614671,Clearance in human after iv administration,A,BAO_0000218,organism-based format,Homo sapiens,None,None,None,None,,,,CHEMBL612558,ADMET,,ADMET,CHEMBL1614632,1,Scientific Literature,Drug Metab Dispos,2008,None,,,,6.7
CHEMBL1185,ZOLMITRIPTAN,4,287.36,0,1.92,Zolmitriptan,CN(C)CCc1c[nH]c2ccc(C[C@H]3COC(=O)N3)cc12,CL,'=',6.7,mL.min-1.kg-1,,,,,,,,,0,CHEMBL1614671,Clearance in human after iv administration,A,BAO_0000218,organism-based format,Homo sapiens,None,None,None,None,,,,CHEMBL612558,ADMET,,ADMET,CHEMBL1614632,1,Scientific Literature,Drug Metab Dispos,2008,None,,,,6.7
CHEMBL1440,TETRACYCLINE,4,444.44,1,-0.21,Tetracycline,CN(C)[C@@H]1C(O)=C(C(N)=O)C(=O)[C@@]2(O)C(O)=C3C(=O)c4c(O)cccc4[C@@](C)(O)[C@H]3C[C@@H]12,CL,'=',1.5,mL.min-1.kg-1,,,,,,,,,0,CHEMBL1614671,Clearance in human after iv administration,A,BAO_0000218,organism-based format,Homo sapiens,None,None,None,None,,,,CHEMBL612558,ADMET,,ADMET,CHEMBL1614632,1,Scientific Literature,Drug Metab Dispos,2008,None,,,,1.5
CHEMBL643,PROMETHAZINE,4,284.43,0,4.24,Promethazine,CC(CN1c2ccccc2Sc2ccccc21)N(C)C,CL,'=',14,mL.min-1.kg-1,,,,,,,,,0,CHEMBL1614671,Clearance in human after iv administration,A,BAO_0000218,organism-based format,Homo sapiens,None,None,None,None,,,,CHEMBL612558,ADMET,,ADMET,CHEMBL1614632,1,Scientific Literature,Drug Metab Dispos,2008,None,,,,14
CHEMBL728,PROCHLORPERAZINE,4,373.95,0,4.58,Prochlorperazine,CN1CCN(CCCN2c3ccccc3Sc3ccc(Cl)cc32)CC1,CL,'=',16,mL.min-1.kg-1,,,,,,,,,0,CHEMBL1614671,Clearance in human after iv administration,A,BAO_0000218,organism-based format,Homo sapiens,None,None,None,None,,,,CHEMBL612558,ADMET,,ADMET,CHEMBL1614632,1,Scientific Literature,Drug Metab Dispos,2008,None,,,,16
CHEMBL529,AZITHROMYCIN,4,749,2,1.9,Azithromycin,CC[C@H]1OC(=O)[C@H](C)[C@@H](O[C@H]2C[C@@](C)(OC)[C@@H](O)[C@H](C)O2)[C@H](C)[C@@H](O[C@@H]2O[C@H](C)C[C@H](N(C)C)[C@H]2O)[C@](C)(O)C[C@@H](C)CN(C)[C@H](C)[C@@H](O)[C@]1(C)O,CL,'=',10,mL.min-1.kg-1,,,,,,,,,0,CHEMBL1614671,Clearance in human after iv administration,A,BAO_0000218,organism-based format,Homo sapiens,None,None,None,None,,,,CHEMBL612558,ADMET,,ADMET,CHEMBL1614632,1,Scientific Literature,Drug Metab Dispos,2008,None,,,,10
CHEMBL459,METHYLDOPA,4,211.22,0,0.44,Methyldopa,C[C@](N)(Cc1ccc(O)c(O)c1)C(=O)O,CL,'=',3.5,mL.min-1.kg-1,,,,,,,,,0,CHEMBL1614671,Clearance in human after iv administration,A,BAO_0000218,organism-based format,Homo sapiens,None,None,None,None,,,,CHEMBL612558,ADMET,,ADMET,CHEMBL1614632,1,Scientific Literature,Drug Metab Dispos,2008,None,,,,3.5
CHEMBL1449,TICARCILLIN,4,384.44,0,0.55,Ticarcillin,CC1(C)S[C@@H]2[C@H](NC(=O)[C@H](C(=O)O)c3ccsc3)C(=O)N2[C@H]1C(=O)O,CL,'=',1.8,mL.min-1.kg-1,,,,,,,,,0,CHEMBL1614671,Clearance in human after iv administration,A,BAO_0000218,organism-based format,Homo sapiens,None,None,None,None,,,,CHEMBL612558,ADMET,,ADMET,CHEMBL1614632,1,Scientific Literature,Drug Metab Dispos,2008,None,,,,1.8
CHEMBL1757,FOSFOMYCIN,4,138.06,0,-0.09,Fosfomycin,C[C@@H]1O[C@@H]1P(=O)(O)O,CL,'=',2,mL.min-1.kg-1,,,,,,,,,0,CHEMBL1614671,Clearance in human after iv administration,A,BAO_0000218,organism-based format,Homo sapiens,None,None,None,None,,,,CHEMBL612558,ADMET,,ADMET,CHEMBL1614632,1,Scientific Literature,Drug Metab Dispos,2008,None,,,,2
CHEMBL576127,FENSPIRIDE,4,260.34,0,1.8,Fenspiride,O=C1NCC2(CCN(CCc3ccccc3)CC2)O1,CL,'=',2.6,mL.min-1.kg-1,,,,,,,,,0,CHEMBL1614671,Clearance in human after iv administration,A,BAO_0000218,organism-based format,Homo sapiens,None,None,None,None,,,,CHEMBL612558,ADMET,,ADMET,CHEMBL1614632,1,Scientific Literature,Drug Metab Dispos,2008,None,,,,2.6
CHEMBL417,EPIRUBICIN,4,543.53,3,0,Epirubicin,COc1cccc2c1C(=O)c1c(O)c3c(c(O)c1C2=O)C[C@@](O)(C(=O)CO)C[C@@H]3O[C@H]1C[C@H](N)[C@@H](O)[C@H](C)O1,CL,'=',20,mL.min-1.kg-1,,,,,,,,,0,CHEMBL1614671,Clearance in human after iv administration,A,BAO_0000218,organism-based format,Homo sapiens,None,None,None,None,,,,CHEMBL612558,ADMET,,ADMET,CHEMBL1614632,1,Scientific Literature,Drug Metab Dispos,2008,None,,,,20
CHEMBL273575,NOMIFENSINE,4,238.33,0,2.85,Nomifensine,CN1Cc2c(N)cccc2C(c2ccccc2)C1,CL,'=',22,mL.min-1.kg-1,,,,,,,,,0,CHEMBL1614671,Clearance in human after iv administration,A,BAO_0000218,organism-based format,Homo sapiens,None,None,None,None,,,,CHEMBL612558,ADMET,,ADMET,CHEMBL1614632,1,Scientific Literature,Drug Metab Dispos,2008,None,,,,22
CHEMBL60542,(+)-PENTAZOCINE,None,285.43,0,3.88,Pentazocine,CC(C)=CCN1CC[C@]2(C)c3cc(O)ccc3C[C@H]1[C@H]2C,CL,'=',23,mL.min-1.kg-1,,,,,,,,,0,CHEMBL1614671,Clearance in human after iv administration,A,BAO_0000218,organism-based format,Homo sapiens,None,None,None,None,,,,CHEMBL612558,ADMET,,ADMET,CHEMBL1614632,1,Scientific Literature,Drug Metab Dispos,2008,None,,,,23
CHEMBL153774,TOPIXANTRONE,2,394.48,0,1.2,Topixantrone,CN(C)CCNc1ccc2c3c(nn2CCNCCO)-c2cnccc2C(=O)c13,CL,'=',27,mL.min-1.kg-1,,,,,,,,,0,CHEMBL1614671,Clearance in human after iv administration,A,BAO_0000218,organism-based format,Homo sapiens,None,None,None,None,,,,CHEMBL612558,ADMET,,ADMET,CHEMBL1614632,1,Scientific Literature,Drug Metab Dispos,2008,None,,,,27
CHEMBL398707,HYDROMORPHONE,4,285.34,0,1.63,Hydromorphone,CN1CC[C@]23c4c5ccc(O)c4O[C@H]2C(=O)CC[C@H]3[C@H]1C5,CL,'=',28,mL.min-1.kg-1,,,,,,,,,0,CHEMBL1614671,Clearance in human after iv administration,A,BAO_0000218,organism-based format,Homo sapiens,None,None,None,None,,,,CHEMBL612558,ADMET,,ADMET,CHEMBL1614632,1,Scientific Literature,Drug Metab Dispos,2008,None,,,,28
CHEMBL98,VORINOSTAT,4,264.32,0,2.47,Vorinostat,O=C(CCCCCCC(=O)Nc1ccccc1)NO,CL,'=',28,mL.min-1.kg-1,,,,,,,,,0,CHEMBL1614671,Clearance in human after iv administration,A,BAO_0000218,organism-based format,Homo sapiens,None,None,None,None,,,,CHEMBL612558,ADMET,,ADMET,CHEMBL1614632,1,Scientific Literature,Drug Metab Dispos,2008,None,,,,28
CHEMBL135,ESTRADIOL,4,272.39,0,3.61,1,,,,,,,,,,,,,,,,,,,,,,,,,,,,,,,,,,,,,,,,,
CHEMBL6622,ISOSORBIDE DINITRATE,4,236.14,0,-1.06,Isosorbide Dinitrate,O=[N+]([O-])O[C@H]1CO[C@H]2[C@@H]1OC[C@H]2O[N+](=O)[O-],CL,'=',31,mL.min-1.kg-1,,,,,,,,,0,CHEMBL1614671,Clearance in human after iv administration,A,BAO_0000218,organism-based format,Homo sapiens,None,None,None,None,,,,CHEMBL612558,ADMET,,ADMET,CHEMBL1614632,1,Scientific Literature,Drug Metab Dispos,2008,None,,,,31
CHEMBL55,PENTAMIDINE,4,340.43,0,2.88,Pentamidine,N=C(N)c1ccc(OCCCCCOc2ccc(C(=N)N)cc2)cc1,CL,'=',74,mL.min-1.kg-1,,,,,,,,,0,CHEMBL1614671,Clearance in human after iv administration,A,BAO_0000218,organism-based format,Homo sapiens,None,None,None,None,,,,CHEMBL612558,ADMET,,ADMET,CHEMBL1614632,1,Scientific Literature,Drug Metab Dispos,2008,None,,,,74
CHEMBL503,LOVASTATIN,4,404.55,0,4.2,Lovastatin,CC[C@H](C)C(=O)O[C@H]1C[C@@H](C)C=C2C=C[C@H](C)[C@H](CC[C@@H]3C[C@@H](O)CC(=O)O3)[C@H]21,CL,'=',7.2,mL.min-1.kg-1,,,,,,,,,0,CHEMBL1614671,Clearance in human after iv administration,A,BAO_0000218,organism-based format,Homo sapiens,None,None,None,None,,,,CHEMBL612558,ADMET,,ADMET,CHEMBL1614632,1,Scientific Literature,Drug Metab Dispos,2008,None,,,,7.2
CHEMBL389621,HYDROCORTISONE,4,362.47,0,1.78,Hydrocortisone,C[C@]12CCC(=O)C=C1CC[C@@H]1[C@@H]2[C@@H](O)C[C@@]2(C)[C@H]1CC[C@]2(O)C(=O)CO,CL,'=',5.7,mL.min-1.kg-1,,,,,,,,,0,CHEMBL1614671,Clearance in human after iv administration,A,BAO_0000218,organism-based format,Homo sapiens,None,None,None,None,,,,CHEMBL612558,ADMET,,ADMET,CHEMBL1614632,1,Scientific Literature,Drug Metab Dispos,2008,None,,,,5.7
CHEMBL571,KETOPROFEN,4,254.29,0,3.11,Ketoprofen,CC(C(=O)O)c1cccc(C(=O)c2ccccc2)c1,CL,'=',1.6,mL.min-1.kg-1,,,,,,,,,0,CHEMBL1614671,Clearance in human after iv administration,A,BAO_0000218,organism-based format,Homo sapiens,None,None,None,None,,,,CHEMBL612558,ADMET,,ADMET,CHEMBL1614632,1,Scientific Literature,Drug Metab Dispos,2008,None,,,,1.6
CHEMBL997,IBANDRONIC ACID,4,319.23,0,0.5,Ibandronic Acid,CCCCCN(C)CCC(O)(P(=O)(O)O)P(=O)(O)O,CL,'=',1.8,mL.min-1.kg-1,,,,,,,,,0,CHEMBL1614671,Clearance in human after iv administration,A,BAO_0000218,organism-based format,Homo sapiens,None,None,None,None,,,,CHEMBL612558,ADMET,,ADMET,CHEMBL1614632,1,Scientific Literature,Drug Metab Dispos,2008,None,,,,1.8
CHEMBL432103,PIRMENOL,2,338.49,0,4.36,Pirmenol,CC1CCCC(C)N1CCCC(O)(c1ccccc1)c1ccccn1,CL,'=',1.8,mL.min-1.kg-1,,,,,,,,,0,CHEMBL1614671,Clearance in human after iv administration,A,BAO_0000218,organism-based format,Homo sapiens,None,None,None,None,,,,CHEMBL612558,ADMET,,ADMET,CHEMBL1614632,1,Scientific Literature,Drug Metab Dispos,2008,None,,,,1.8
CHEMBL633,AMIODARONE,4,645.32,2,6.94,Amiodarone,CCCCc1oc2ccccc2c1C(=O)c1cc(I)c(OCCN(CC)CC)c(I)c1,CL,'=',1.9,mL.min-1.kg-1,,,,,,,,,0,CHEMBL1614671,Clearance in human after iv administration,A,BAO_0000218,organism-based format,Homo sapiens,None,None,None,None,,,,CHEMBL612558,ADMET,,ADMET,CHEMBL1614632,1,Scientific Literature,Drug Metab Dispos,2008,None,,,,1.9
CHEMBL813,EPROSARTAN,4,424.52,0,4.74,Eprosartan,CCCCc1ncc(/C=C(\Cc2cccs2)C(=O)O)n1Cc1ccc(C(=O)O)cc1,CL,'=',1.9,mL.min-1.kg-1,,,,,,,,,0,CHEMBL1614671,Clearance in human after iv administration,A,BAO_0000218,organism-based format,Homo sapiens,None,None,None,None,,,,CHEMBL612558,ADMET,,ADMET,CHEMBL1614632,1,Scientific Literature,Drug Metab Dispos,2008,None,,,,1.9
CHEMBL108111,LAMIFIBAN,2,468.51,0,1.11,Lamifiban,N=C(N)c1ccc(C(=O)N[C@@H](Cc2ccc(O)cc2)C(=O)N2CCC(OCC(=O)O)CC2)cc1,CL,'=',1.9,mL.min-1.kg-1,,,,,,,,,0,CHEMBL1614671,Clearance in human after iv administration,A,BAO_0000218,organism-based format,Homo sapiens,None,None,None,None,,,,CHEMBL612558,ADMET,,ADMET,CHEMBL1614632,1,Scientific Literature,Drug Metab Dispos,2008,None,,,,1.9
CHEMBL90555,VINCRISTINE,4,824.97,2,3.52,Vincristine,CC[C@]1(O)C[C@H]2CN(CCc3c([nH]c4ccccc34)[C@@](C(=O)OC)(c3cc4c(cc3OC)N(C=O)[C@H]3[C@@](O)(C(=O)OC)[C@H](OC(C)=O)[C@]5(CC)C=CCN6CC[C@]43[C@@H]65)C2)C1,CL,'=',2,mL.min-1.kg-1,,,,,,,,,0,CHEMBL1614671,Clearance in human after iv administration,A,BAO_0000218,organism-based format,Homo sapiens,None,None,None,None,,,,CHEMBL612558,ADMET,,ADMET,CHEMBL1614632,1,Scientific Literature,Drug Metab Dispos,2008,None,,,,2
CHEMBL160,CYCLOSPORINE,4,1202.63,None,None,Cyclosporine,C/C=C/C[C@@H](C)[C@@H](O)[C@H]1C(=O)N[C@@H](CC)C(=O)N(C)CC(=O)N(C)[C@@H](CC(C)C)C(=O)N[C@@H](C(C)C)C(=O)N(C)[C@@H](CC(C)C)C(=O)N[C@@H](C)C(=O)N[C@H](C)C(=O)N(C)[C@@H](CC(C)C)C(=O)N(C)[C@@H](CC(C)C)C(=O)N(C)[C@@H](C(C)C)C(=O)N1C,CL,'=',7.5,mL.min-1.kg-1,,,,,,,,,0,CHEMBL1614671,Clearance in human after iv administration,A,BAO_0000218,organism-based format,Homo sapiens,None,None,None,None,,,,CHEMBL612558,ADMET,,ADMET,CHEMBL1614632,1,Scientific Literature,Drug Metab Dispos,2008,None,,,,7.5
CHEMBL58,MITOXANTRONE,4,444.49,1,-0.14,Mitoxantrone,O=C1c2c(O)ccc(O)c2C(=O)c2c(NCCNCCO)ccc(NCCNCCO)c21,CL,'=',7.9,mL.min-1.kg-1,,,,,,,,,0,CHEMBL1614671,Clearance in human after iv administration,A,BAO_0000218,organism-based format,Homo sapiens,None,None,None,None,,,,CHEMBL612558,ADMET,,ADMET,CHEMBL1614632,1,Scientific Literature,Drug Metab Dispos,2008,None,,,,7.9
CHEMBL344478,NK-611,None,587.58,2,1.3,NK 611,COc1cc([C@@H]2c3cc4c(cc3C(OC3OC5COC(C)OC5C(O)C3N)C3COC(=O)[C@@H]32)OCO4)cc(OC)c1O,CL,'=',0.4,mL.min-1.kg-1,,,,,,,,,0,CHEMBL1614671,Clearance in human after iv administration,A,BAO_0000218,organism-based format,Homo sapiens,None,None,None,None,,,,CHEMBL612558,ADMET,,ADMET,CHEMBL1614632,1,Scientific Literature,Drug Metab Dispos,2008,None,,,,0.4
CHEMBL832,SULFINPYRAZONE,4,404.49,0,3.8,Sulfinpyrazone,O=C1C(CC[S+]([O-])c2ccccc2)C(=O)N(c2ccccc2)N1c1ccccc1,CL,'=',0.34,mL.min-1.kg-1,,,,,,,,,0,CHEMBL1614671,Clearance in human after iv administration,A,BAO_0000218,organism-based format,Homo sapiens,None,None,None,None,,,,CHEMBL612558,ADMET,,ADMET,CHEMBL1614632,1,Scientific Literature,Drug Metab Dispos,2008,None,,,,0.34
CHEMBL443,SULFAMETHOXAZOLE,4,253.28,0,1.37,Sulfamethoxazole,Cc1cc(NS(=O)(=O)c2ccc(N)cc2)no1,CL,'=',0.36,mL.min-1.kg-1,,,,,,,,,0,CHEMBL1614671,Clearance in human after iv administration,A,BAO_0000218,organism-based format,Homo sapiens,None,None,None,None,,,,CHEMBL612558,ADMET,,ADMET,CHEMBL1614632,1,Scientific Literature,Drug Metab Dispos,2008,None,,,,0.36
CHEMBL644,TRIMIPRAMINE,4,294.44,0,4.12,Trimipramine,CC(CN(C)C)CN1c2ccccc2CCc2ccccc21,CL,'=',16,mL.min-1.kg-1,,,,,,,,,0,CHEMBL1614671,Clearance in human after iv administration,A,BAO_0000218,organism-based format,Homo sapiens,None,None,None,None,,,,CHEMBL612558,ADMET,,ADMET,CHEMBL1614632,1,Scientific Literature,Drug Metab Dispos,2008,None,,,,16
CHEMBL1380,ABACAVIR,4,286.34,0,1.09,Abacavir,Nc1nc(NC2CC2)c2ncn([C@H]3C=C[C@@H](CO)C3)c2n1,CL,'=',13,mL.min-1.kg-1,,,,,,,,,0,CHEMBL1614671,Clearance in human after iv administration,A,BAO_0000218,organism-based format,Homo sapiens,None,None,None,None,,,,CHEMBL612558,ADMET,,ADMET,CHEMBL1614632,1,Scientific Literature,Drug Metab Dispos,2008,None,,,,13
CHEMBL1043,DAPSONE,4,248.31,0,1.68,Dapsone,Nc1ccc(S(=O)(=O)c2ccc(N)cc2)cc1,CL,'=',0.48,mL.min-1.kg-1,,,,,,,,,0,CHEMBL1614671,Clearance in human after iv administration,A,BAO_0000218,organism-based format,Homo sapiens,None,None,None,None,,,,CHEMBL612558,ADMET,,ADMET,CHEMBL1614632,1,Scientific Literature,Drug Metab Dispos,2008,None,,,,0.48
CHEMBL32800,FENOTEROL,4,303.36,0,2.06,Fenoterol,CC(Cc1ccc(O)cc1)NCC(O)c1cc(O)cc(O)c1,CL,'=',29,mL.min-1.kg-1,,,,,,,,,0,CHEMBL1614671,Clearance in human after iv administration,A,BAO_0000218,organism-based format,Homo sapiens,None,None,None,None,,,,CHEMBL612558,ADMET,,ADMET,CHEMBL1614632,1,Scientific Literature,Drug Metab Dispos,2008,None,,,,29
CHEMBL249856,ENOXIMONE,4,248.31,0,1.96,Fenoximone,CSc1ccc(C(=O)c2[nH]c(=O)[nH]c2C)cc1,CL,'=',29,mL.min-1.kg-1,,,,,,,,,0,CHEMBL1614671,Clearance in human after iv administration,A,BAO_0000218,organism-based format,Homo sapiens,None,None,None,None,,,,CHEMBL612558,ADMET,,ADMET,CHEMBL1614632,1,Scientific Literature,Drug Metab Dispos,2008,None,,,,29
CHEMBL83063,RITODRINE,4,287.36,0,2.35,Ritodrine,CC(NCCc1ccc(O)cc1)C(O)c1ccc(O)cc1,CL,'=',31,mL.min-1.kg-1,,,,,,,,,0,CHEMBL1614671,Clearance in human after iv administration,A,BAO_0000218,organism-based format,Homo sapiens,None,None,None,None,,,,CHEMBL612558,ADMET,,ADMET,CHEMBL1614632,1,Scientific Literature,Drug Metab Dispos,2008,None,,,,31
CHEMBL888,GEMCITABINE,4,263.2,0,-1.29,Gemcitabine,Nc1ccn([C@@H]2O[C@H](CO)[C@@H](O)C2(F)F)c(=O)n1,CL,'=',32,mL.min-1.kg-1,,,,,,,,,0,CHEMBL1614671,Clearance in human after iv administration,A,BAO_0000218,organism-based format,Homo sapiens,None,None,None,None,,,,CHEMBL612558,ADMET,,ADMET,CHEMBL1614632,1,Scientific Literature,Drug Metab Dispos,2008,None,,,,32
CHEMBL1346,DARIFENACIN,4,426.56,0,3.96,Darifenacin,NC(=O)C(c1ccccc1)(c1ccccc1)[C@@H]1CCN(CCc2ccc3c(c2)CCO3)C1,CL,'=',12,mL.min-1.kg-1,,,,,,,,,0,CHEMBL1614671,Clearance in human after iv administration,A,BAO_0000218,organism-based format,Homo sapiens,None,None,None,None,,,,CHEMBL612558,ADMET,,ADMET,CHEMBL1614632,1,Scientific Literature,Drug Metab Dispos,2008,None,,,,12
CHEMBL10316,IDAZOXAN,3,204.23,0,0.83,Idazoxan,c1ccc2c(c1)OCC(C1=NCCN1)O2,CL,'=',10,mL.min-1.kg-1,,,,,,,,,0,CHEMBL1614671,Clearance in human after iv administration,A,BAO_0000218,organism-based format,Homo sapiens,None,None,None,None,,,,CHEMBL612558,ADMET,,ADMET,CHEMBL1614632,1,Scientific Literature,Drug Metab Dispos,2008,None,,,,10
CHEMBL778,DEXMEDETOMIDINE,4,200.28,0,3.18,Dexmedetomidine,Cc1cccc([C@H](C)c2c[nH]cn2)c1C,CL,'=',11,mL.min-1.kg-1,,,,,,,,,0,CHEMBL1614671,Clearance in human after iv administration,A,BAO_0000218,organism-based format,Homo sapiens,None,None,None,None,,,,CHEMBL612558,ADMET,,ADMET,CHEMBL1614632,1,Scientific Literature,Drug Metab Dispos,2008,None,,,,11
CHEMBL996,CEFOXITIN,4,427.46,0,0.1,Cefoxitin,CO[C@@]1(NC(=O)Cc2cccs2)C(=O)N2C(C(=O)O)=C(COC(N)=O)CS[C@@H]21,CL,'=',3.6,mL.min-1.kg-1,,,,,,,,,0,CHEMBL1614671,Clearance in human after iv administration,A,BAO_0000218,organism-based format,Homo sapiens,None,None,None,None,,,,CHEMBL612558,ADMET,,ADMET,CHEMBL1614632,1,Scientific Literature,Drug Metab Dispos,2008,None,,,,3.6
CHEMBL441809,DIPRAFENONE,2,369.5,0,4.02,Diprafenone,CCC(C)(C)NCC(O)COc1ccccc1C(=O)CCc1ccccc1,CL,'=',11,mL.min-1.kg-1,,,,,,,,,0,CHEMBL1614671,Clearance in human after iv administration,A,BAO_0000218,organism-based format,Homo sapiens,None,None,None,None,,,,CHEMBL612558,ADMET,,ADMET,CHEMBL1614632,1,Scientific Literature,Drug Metab Dispos,2008,None,,,,11
CHEMBL128,SUMATRIPTAN,4,295.41,0,1.32,Sumatriptan,CNS(=O)(=O)Cc1ccc2[nH]cc(CCN(C)C)c2c1,CL,'=',19,mL.min-1.kg-1,,,,,,,,,0,CHEMBL1614671,Clearance in human after iv administration,A,BAO_0000218,organism-based format,Homo sapiens,None,None,None,None,,,,CHEMBL612558,ADMET,,ADMET,CHEMBL1614632,1,Scientific Literature,Drug Metab Dispos,2008,None,,,,19
CHEMBL279516,INDORAMIN,4,347.46,0,3.6,67,O=C(NC1CCN(CCc2c[nH]c3ccccc23)CC1)c1ccccc1,CL,'=',20,mL.min-1.kg-1,,,,,,,,,0,CHEMBL1614671,Clearance in human after iv administration,A,BAO_0000218,organism-based format,Homo sapiens,None,None,None,None,,,,CHEMBL612558,ADMET,,ADMET,CHEMBL1614632,1,Scientific Literature,Drug Metab Dispos,2008,None,,,,20
CHEMBL1648,ISRADIPINE,4,371.39,0,2.58,Isradipine,COC(=O)C1=C(C)NC(C)=C(C(=O)OC(C)C)C1c1cccc2nonc12,CL,'=',26,mL.min-1.kg-1,,,,,,,,,0,CHEMBL1614671,Clearance in human after iv administration,A,BAO_0000218,organism-based format,Homo sapiens,None,None,None,None,,,,CHEMBL612558,ADMET,,ADMET,CHEMBL1614632,1,Scientific Literature,Drug Metab Dispos,2008,None,,,,26
CHEMBL480,LANSOPRAZOLE,4,369.37,0,3.52,LANSOPRAZOLE,Cc1c(OCC(F)(F)F)ccnc1C[S+]([O-])c1nc2ccccc2[nH]1,CL,'=',4.4,mL.min-1.kg-1,,,,,,,,,0,CHEMBL1614671,Clearance in human after iv administration,A,BAO_0000218,organism-based format,Homo sapiens,None,None,None,None,,,,CHEMBL612558,ADMET,,ADMET,CHEMBL1614632,1,Scientific Literature,Drug Metab Dispos,2008,None,,,,4.4
CHEMBL126,LINEZOLID,4,337.35,0,1.12,Linezolid,CC(=O)NC[C@H]1CN(c2ccc(N3CCOCC3)c(F)c2)C(=O)O1,CL,'=',1.8,mL.min-1.kg-1,,,,,,,,,0,CHEMBL1614671,Clearance in human after iv administration,A,BAO_0000218,organism-based format,Homo sapiens,None,None,None,None,,,,CHEMBL612558,ADMET,,ADMET,CHEMBL1614632,1,Scientific Literature,Drug Metab Dispos,2008,None,,,,1.8
CHEMBL266349,MELAGATRAN,4,429.52,0,0.81,Melagatran,N=C(N)c1ccc(CNC(=O)[C@@H]2CCN2C(=O)[C@H](NCC(=O)O)C2CCCCC2)cc1,CL,'=',1.9,mL.min-1.kg-1,,,,,,,,,0,CHEMBL1614671,Clearance in human after iv administration,A,BAO_0000218,organism-based format,Homo sapiens,None,None,None,None,,,,CHEMBL612558,ADMET,,ADMET,CHEMBL1614632,1,Scientific Literature,Drug Metab Dispos,2008,None,,,,1.9
CHEMBL306700,VILOXAZINE,4,237.3,0,1.45,Viloxazine,CCOc1ccccc1OCC1CNCCO1,CL,'=',2.1,mL.min-1.kg-1,,,,,,,,,0,CHEMBL1614671,Clearance in human after iv administration,A,BAO_0000218,organism-based format,Homo sapiens,None,None,None,None,,,,CHEMBL612558,ADMET,,ADMET,CHEMBL1614632,1,Scientific Literature,Drug Metab Dispos,2008,None,,,,2.1
CHEMBL4,OFLOXACIN,4,361.37,0,1.54,OFLOXACIN,CC1COc2c(N3CCN(C)CC3)c(F)cc3c(=O)c(C(=O)O)cn1c23,CL,'=',2.5,mL.min-1.kg-1,,,,,,,,,0,CHEMBL1614671,Clearance in human after iv administration,A,BAO_0000218,organism-based format,Homo sapiens,None,None,None,None,,,,CHEMBL612558,ADMET,,ADMET,CHEMBL1614632,1,Scientific Literature,Drug Metab Dispos,2008,None,,,,2.5
CHEMBL328250,ADINAZOLAM,2,351.84,0,3.33,Adinazolam,CN(C)Cc1nnc2n1-c1ccc(Cl)cc1C(c1ccccc1)=NC2,CL,'=',6.2,mL.min-1.kg-1,,,,,,,,,0,CHEMBL1614671,Clearance in human after iv administration,A,BAO_0000218,organism-based format,Homo sapiens,None,None,None,None,,,,CHEMBL612558,ADMET,,ADMET,CHEMBL1614632,1,Scientific Literature,Drug Metab Dispos,2008,None,,,,6.2
CHEMBL530,AMDINOCILLIN,4,325.43,0,1.41,Amdinocillin,CC1(C)S[C@@H]2[C@H](/N=C/N3CCCCCC3)C(=O)N2[C@H]1C(=O)O,CL,'=',6.3,mL.min-1.kg-1,,,,,,,,,0,CHEMBL1614671,Clearance in human after iv administration,A,BAO_0000218,organism-based format,Homo sapiens,None,None,None,None,,,,CHEMBL612558,ADMET,,ADMET,CHEMBL1614632,1,Scientific Literature,Drug Metab Dispos,2008,None,,,,6.3
CHEMBL343448,ROMIDEPSIN,4,540.71,1,1.43,Romidepsin,C/C=C1\NC(=O)[C@H]2CSSCC/C=C/[C@H](CC(=O)N[C@H](C(C)C)C(=O)N2)OC(=O)[C@H](C(C)C)NC1=O,CL,'=',7.4,mL.min-1.kg-1,,,,,,,,,0,CHEMBL1614671,Clearance in human after iv administration,A,BAO_0000218,organism-based format,Homo sapiens,None,None,None,None,,,,CHEMBL612558,ADMET,,ADMET,CHEMBL1614632,1,Scientific Literature,Drug Metab Dispos,2008,None,,,,7.4
CHEMBL654,MIRTAZAPINE,4,265.36,0,2.48,Mirtazapine,CN1CCN2c3ncccc3Cc3ccccc3C2C1,CL,'=',8,mL.min-1.kg-1,,,,,,,,,0,CHEMBL1614671,Clearance in human after iv administration,A,BAO_0000218,organism-based format,Homo sapiens,None,None,None,None,,,,CHEMBL612558,ADMET,,ADMET,CHEMBL1614632,1,Scientific Literature,Drug Metab Dispos,2008,None,,,,8
CHEMBL119625,ZONAMPANEL,2,331.24,0,-0.13,Zonampanel,O=C(O)Cn1c(=O)c(=O)[nH]c2cc([N+](=O)[O-])c(-n3ccnc3)cc21,CL,'=',5.3,mL.min-1.kg-1,,,,,,,,,0,CHEMBL1614671,Clearance in human after iv administration,A,BAO_0000218,organism-based format,Homo sapiens,None,None,None,None,,,,CHEMBL612558,ADMET,,ADMET,CHEMBL1614632,1,Scientific Literature,Drug Metab Dispos,2008,None,,,,5.3
CHEMBL826,ENOXACIN,4,320.32,0,0.66,Enoxacin,CCn1cc(C(=O)O)c(=O)c2cc(F)c(N3CCNCC3)nc21,CL,'=',5.4,mL.min-1.kg-1,,,,,,,,,0,CHEMBL1614671,Clearance in human after iv administration,A,BAO_0000218,organism-based format,Homo sapiens,None,None,None,None,,,,CHEMBL612558,ADMET,,ADMET,CHEMBL1614632,1,Scientific Literature,Drug Metab Dispos,2008,None,,,,5.4
CHEMBL640,PROCAINAMIDE,4,235.33,0,1.34,Procainamide,CCN(CC)CCNC(=O)c1ccc(N)cc1,CL,'=',10,mL.min-1.kg-1,,,,,,,,,0,CHEMBL1614671,Clearance in human after iv administration,A,BAO_0000218,organism-based format,Homo sapiens,None,None,None,None,,,,CHEMBL612558,ADMET,,ADMET,CHEMBL1614632,1,Scientific Literature,Drug Metab Dispos,2008,None,,,,10
CHEMBL1535,HYDROXYCHLOROQUINE,4,335.88,0,3.78,Hydroxychloroquine,CCN(CCO)CCCC(C)Nc1ccnc2cc(Cl)ccc12,CL,'=',11,mL.min-1.kg-1,,,,,,,,,0,CHEMBL1614671,Clearance in human after iv administration,A,BAO_0000218,organism-based format,Homo sapiens,None,None,None,None,,,,CHEMBL612558,ADMET,,ADMET,CHEMBL1614632,1,Scientific Literature,Drug Metab Dispos,2008,None,,,,11
CHEMBL25,ASPIRIN,4,180.16,0,1.31,Acetylsalicylic Acid,CC(=O)Oc1ccccc1C(=O)O,CL,'=',12,mL.min-1.kg-1,,,,,,,,,0,CHEMBL1614671,Clearance in human after iv administration,A,BAO_0000218,organism-based format,Homo sapiens,None,None,None,None,,,,CHEMBL612558,ADMET,,ADMET,CHEMBL1614632,1,Scientific Literature,Drug Metab Dispos,2008,None,,,,12
CHEMBL118218,IROFULVEN,3,246.31,0,1.67,Irofulven,CC1=C(CO)C2=C(C)C3(CC3)[C@@](C)(O)C(=O)C2=C1,CL,'=',140,mL.min-1.kg-1,,,,,,,,,0,CHEMBL1614671,Clearance in human after iv administration,A,BAO_0000218,organism-based format,Homo sapiens,None,None,None,None,,,,CHEMBL612558,ADMET,,ADMET,CHEMBL1614632,1,Scientific Literature,Drug Metab Dispos,2008,None,,,,140
CHEMBL1237132,CLEVIDIPINE,4,456.32,0,4.25,Clevidipine,CCCC(=O)OCOC(=O)C1=C(C)NC(C)=C(C(=O)OC)C1c1cccc(Cl)c1Cl,CL,'=',142,mL.min-1.kg-1,,,,,,,,,0,CHEMBL1614671,Clearance in human after iv administration,A,BAO_0000218,organism-based format,Homo sapiens,None,None,None,None,,,,CHEMBL612558,ADMET,,ADMET,CHEMBL1614632,1,Scientific Literature,Drug Metab Dispos,2008,None,,,,142
CHEMBL681,ETOMIDATE,4,244.29,0,2.67,Etomidate,CCOC(=O)c1cncn1[C@H](C)c1ccccc1,CL,'=',13,mL.min-1.kg-1,,,,,,,,,0,CHEMBL1614671,Clearance in human after iv administration,A,BAO_0000218,organism-based format,Homo sapiens,None,None,None,None,,,,CHEMBL612558,ADMET,,ADMET,CHEMBL1614632,1,Scientific Literature,Drug Metab Dispos,2008,None,,,,13
CHEMBL11,IMIPRAMINE,4,280.42,0,3.88,Imipramine,CN(C)CCCN1c2ccccc2CCc2ccccc21,CL,'=',13,mL.min-1.kg-1,,,,,,,,,0,CHEMBL1614671,Clearance in human after iv administration,A,BAO_0000218,organism-based format,Homo sapiens,None,None,None,None,,,,CHEMBL612558,ADMET,,ADMET,CHEMBL1614632,1,Scientific Literature,Drug Metab Dispos,2008,None,,,,13
CHEMBL1619,CLADRIBINE,4,285.69,0,-0.3,Cladribine,Nc1nc(Cl)nc2c1ncn2[C@H]1C[C@H](O)[C@@H](CO)O1,CL,'=',14,mL.min-1.kg-1,,,,,,,,,0,CHEMBL1614671,Clearance in human after iv administration,A,BAO_0000218,organism-based format,Homo sapiens,None,None,None,None,,,,CHEMBL612558,ADMET,,ADMET,CHEMBL1614632,1,Scientific Literature,Drug Metab Dispos,2008,None,,,,14
CHEMBL1614667,,None,829.94,3,5.46,RPR-109881A,C=C(C)O[C@@]12CO[C@@H]1C[C@@H]1C[C@@]13C(=O)[C@H](OC(C)=O)C1=C(C)[C@@H](OC(=O)[C@H](O)[C@@H](NC(=O)OC(C)(C)C)c4ccccc4)C[C@@](O)([C@H](OC(=O)c4ccccc4)[C@H]23)C1(C)C,CL,'=',14,mL.min-1.kg-1,,,,,,,,,0,CHEMBL1614671,Clearance in human after iv administration,A,BAO_0000218,organism-based format,Homo sapiens,None,None,None,None,,,,CHEMBL612558,ADMET,,ADMET,CHEMBL1614632,1,Scientific Literature,Drug Metab Dispos,2008,None,,,,14
CHEMBL418192,TOLAMOLOL,2,344.41,0,1.5,Tolamolol,Cc1ccccc1OCC(O)CNCCOc1ccc(C(N)=O)cc1,CL,'=',14,mL.min-1.kg-1,,,,,,,,,0,CHEMBL1614671,Clearance in human after iv administration,A,BAO_0000218,organism-based format,Homo sapiens,None,None,None,None,,,,CHEMBL612558,ADMET,,ADMET,CHEMBL1614632,1,Scientific Literature,Drug Metab Dispos,2008,None,,,,14
CHEMBL1425,MERCAPTOPURINE ANHYDROUS,4,152.18,0,0.64,6-Mercaptopurine,Sc1ncnc2nc[nH]c12,CL,'=',15,mL.min-1.kg-1,,,,,,,,,0,CHEMBL1614671,Clearance in human after iv administration,A,BAO_0000218,organism-based format,Homo sapiens,None,None,None,None,,,,CHEMBL612558,ADMET,,ADMET,CHEMBL1614632,1,Scientific Literature,Drug Metab Dispos,2008,None,,,,15
CHEMBL982,NALMEFENE,4,339.44,0,2.51,Nalmefene,C=C1CC[C@@]2(O)[C@H]3Cc4ccc(O)c5c4[C@@]2(CCN3CC2CC2)[C@H]1O5,CL,'=',15,mL.min-1.kg-1,,,,,,,,,0,CHEMBL1614671,Clearance in human after iv administration,A,BAO_0000218,organism-based format,Homo sapiens,None,None,None,None,,,,CHEMBL612558,ADMET,,ADMET,CHEMBL1614632,1,Scientific Literature,Drug Metab Dispos,2008,None,,,,15
CHEMBL79,LIDOCAINE,4,234.34,0,2.58,Lidocaine,CCN(CC)CC(=O)Nc1c(C)cccc1C,CL,'=',16,mL.min-1.kg-1,,,,,,,,,0,CHEMBL1614671,Clearance in human after iv administration,A,BAO_0000218,organism-based format,Homo sapiens,None,None,None,None,,,,CHEMBL612558,ADMET,,ADMET,CHEMBL1614632,1,Scientific Literature,Drug Metab Dispos,2008,None,,,,16
CHEMBL628,PENTOXIFYLLINE,4,278.31,0,0.19,Pentoxifylline,CC(=O)CCCCn1c(=O)c2c(ncn2C)n(C)c1=O,CL,'=',39,mL.min-1.kg-1,,,,,,,,,0,CHEMBL1614671,Clearance in human after iv administration,A,BAO_0000218,organism-based format,Homo sapiens,None,None,None,None,,,,CHEMBL612558,ADMET,,ADMET,CHEMBL1614632,1,Scientific Literature,Drug Metab Dispos,2008,None,,,,39
CHEMBL1467,ALLOPURINOL,4,136.11,0,0.06,Allopurinol,Oc1ncnc2[nH]ncc12,CL,'=',11,mL.min-1.kg-1,,,,,,,,,0,CHEMBL1614671,Clearance in human after iv administration,A,BAO_0000218,organism-based format,Homo sapiens,None,None,None,None,,,,CHEMBL612558,ADMET,,ADMET,CHEMBL1614632,1,Scientific Literature,Drug Metab Dispos,2008,None,,,,11
CHEMBL3,NICOTINE,4,162.24,0,1.85,1,CN1CCC[C@H]1c1cccnc1,CL,'=',18,mL.min-1.kg-1,,,,,,,,,0,CHEMBL1614671,Clearance in human after iv administration,A,BAO_0000218,organism-based format,Homo sapiens,None,None,None,None,,,,CHEMBL612558,ADMET,,ADMET,CHEMBL1614632,1,Scientific Literature,Drug Metab Dispos,2008,None,,,,18
CHEMBL6966,VERAPAMIL,4,454.61,1,5.09,5,COc1ccc(CCN(C)CCCC(C#N)(c2ccc(OC)c(OC)c2)C(C)C)cc1OC,CL,'=',18,mL.min-1.kg-1,,,,,,,,,0,CHEMBL1614671,Clearance in human after iv administration,A,BAO_0000218,organism-based format,Homo sapiens,None,None,None,None,,,,CHEMBL612558,ADMET,,ADMET,CHEMBL1614632,1,Scientific Literature,Drug Metab Dispos,2008,None,,,,18
CHEMBL192,SILDENAFIL,4,474.59,0,1.61,Sildenafil,CCCc1nn(C)c2c(=O)[nH]c(-c3cc(S(=O)(=O)N4CCN(C)CC4)ccc3OCC)nc12,CL,'=',9.1,mL.min-1.kg-1,,,,,,,,,0,CHEMBL1614671,Clearance in human after iv administration,A,BAO_0000218,organism-based format,Homo sapiens,None,None,None,None,,,,CHEMBL612558,ADMET,,ADMET,CHEMBL1614632,1,Scientific Literature,Drug Metab Dispos,2008,None,,,,9.1
CHEMBL642,ACEBUTOLOL,4,336.43,0,2.37,Acebutolol,CCCC(=O)Nc1ccc(OCC(O)CNC(C)C)c(C(C)=O)c1,CL,'=',10,mL.min-1.kg-1,,,,,,,,,0,CHEMBL1614671,Clearance in human after iv administration,A,BAO_0000218,organism-based format,Homo sapiens,None,None,None,None,,,,CHEMBL612558,ADMET,,ADMET,CHEMBL1614632,1,Scientific Literature,Drug Metab Dispos,2008,None,,,,10
CHEMBL44884,ETHAMBUTOL,4,204.31,0,-0.29,Ethambutol,CC[C@@H](CO)NCCN[C@@H](CC)CO,CL,'=',10,mL.min-1.kg-1,,,,,,,,,0,CHEMBL1614671,Clearance in human after iv administration,A,BAO_0000218,organism-based format,Homo sapiens,None,None,None,None,,,,CHEMBL612558,ADMET,,ADMET,CHEMBL1614632,1,Scientific Literature,Drug Metab Dispos,2008,None,,,,10
CHEMBL7728,HEXOBARBITAL,4,236.27,0,1.2,Hexobarbital,CN1C(=O)NC(=O)C(C)(C2=CCCCC2)C1=O,CL,'=',3.4,mL.min-1.kg-1,,,,,,,,,0,CHEMBL1614671,Clearance in human after iv administration,A,BAO_0000218,organism-based format,Homo sapiens,None,None,None,None,,,,CHEMBL612558,ADMET,,ADMET,CHEMBL1614632,1,Scientific Literature,Drug Metab Dispos,2008,None,,,,3.4
CHEMBL2051955,LEVOSIMENDAN,3,280.29,0,1.36,Levosimendan,C[C@@H]1CC(=O)NN=C1c1ccc(NN=C(C#N)C#N)cc1,CL,'=',3.8,mL.min-1.kg-1,,,,,,,,,0,CHEMBL1614671,Clearance in human after iv administration,A,BAO_0000218,organism-based format,Homo sapiens,None,None,None,None,,,,CHEMBL612558,ADMET,,ADMET,CHEMBL1614632,1,Scientific Literature,Drug Metab Dispos,2008,None,,,,3.8
CHEMBL127,MEROPENEM,4,383.47,0,-0.31,meropenem,C[C@@H](O)[C@H]1C(=O)N2C(C(=O)O)=C(S[C@@H]3CN[C@H](C(=O)N(C)C)C3)[C@H](C)[C@H]12,CL,'=',3.9,mL.min-1.kg-1,,,,,,,,,0,CHEMBL1614671,Clearance in human after iv administration,A,BAO_0000218,organism-based format,Homo sapiens,None,None,None,None,,,,CHEMBL612558,ADMET,,ADMET,CHEMBL1614632,1,Scientific Literature,Drug Metab Dispos,2008,None,,,,3.9
CHEMBL403,SULBACTAM,4,233.24,0,-0.79,Sulbactam,CC1(C)[C@H](C(=O)O)N2C(=O)C[C@H]2S1(=O)=O,CL,'=',5.1,mL.min-1.kg-1,,,,,,,,,0,CHEMBL1614671,Clearance in human after iv administration,A,BAO_0000218,organism-based format,Homo sapiens,None,None,None,None,,,,CHEMBL612558,ADMET,,ADMET,CHEMBL1614632,1,Scientific Literature,Drug Metab Dispos,2008,None,,,,5.1
CHEMBL3301673,IFETROBAN,2,440.54,0,4.12,Ifetroban,CCCCCNC(=O)c1coc([C@H]2[C@@H](Cc3ccccc3CCC(=O)O)[C@@H]3CC[C@H]2O3)n1,CL,'=',6.4,mL.min-1.kg-1,,,,,,,,,0,CHEMBL1614671,Clearance in human after iv administration,A,BAO_0000218,organism-based format,Homo sapiens,None,None,None,None,,,,CHEMBL612558,ADMET,,ADMET,CHEMBL1614632,1,Scientific Literature,Drug Metab Dispos,2008,None,,,,6.4
CHEMBL834,PAMIDRONIC ACID,4,235.07,1,-1.66,SID29217620,NCCC(O)(P(=O)(O)O)P(=O)(O)O,CL,'=',2.5,mL.min-1.kg-1,,,,,,,,,0,CHEMBL1614671,Clearance in human after iv administration,A,BAO_0000218,organism-based format,Homo sapiens,None,None,None,None,,,,CHEMBL612558,ADMET,,ADMET,CHEMBL1614632,1,Scientific Literature,Drug Metab Dispos,2008,None,,,,2.5
CHEMBL61780,TEZOSENTAN,3,605.64,2,3.21,Tezosentan,COc1ccccc1Oc1c(NS(=O)(=O)c2ccc(C(C)C)cn2)nc(-c2ccnc(-c3nnn[nH]3)c2)nc1OCCO,CL,'=',8.1,mL.min-1.kg-1,,,,,,,,,0,CHEMBL1614671,Clearance in human after iv administration,A,BAO_0000218,organism-based format,Homo sapiens,None,None,None,None,,,,CHEMBL612558,ADMET,,ADMET,CHEMBL1614632,1,Scientific Literature,Drug Metab Dispos,2008,None,,,,8.1
CHEMBL272080,ISEPAMICIN,2,569.61,3,-7.52,Isepamicin,CN[C@@H]1[C@@H](O)[C@@H](O[C@@H]2[C@@H](O)[C@H](O[C@H]3O[C@H](CN)[C@@H](O)[C@H](O)[C@H]3O)[C@@H](N)C[C@H]2NC(=O)[C@@H](O)CN)OC[C@]1(C)O,CL,'=',1.3,mL.min-1.kg-1,,,,,,,,,0,CHEMBL1614671,Clearance in human after iv administration,A,BAO_0000218,organism-based format,Homo sapiens,None,None,None,None,,,,CHEMBL612558,ADMET,,ADMET,CHEMBL1614632,1,Scientific Literature,Drug Metab Dispos,2008,None,,,,1.3
CHEMBL1351,CARBOPLATIN,4,371.25,None,None,Carboplatin,,CL,'=',1.5,mL.min-1.kg-1,,,,,,,,,0,CHEMBL1614671,Clearance in human after iv administration,A,BAO_0000218,organism-based format,Homo sapiens,None,None,None,None,,,,CHEMBL612558,ADMET,,ADMET,CHEMBL1614632,1,Scientific Literature,Drug Metab Dispos,2008,None,,,,1.5
CHEMBL1055,CHLORTHALIDONE,4,338.77,0,0.92,Chlorthalidone,NS(=O)(=O)c1cc(C2(O)NC(=O)c3ccccc32)ccc1Cl,CL,'=',1.5,mL.min-1.kg-1,,,,,,,,,0,CHEMBL1614671,Clearance in human after iv administration,A,BAO_0000218,organism-based format,Homo sapiens,None,None,None,None,,,,CHEMBL612558,ADMET,,ADMET,CHEMBL1614632,1,Scientific Literature,Drug Metab Dispos,2008,None,,,,1.5
CHEMBL1518,PROPYLTHIOURACIL,4,170.24,0,1.38,Propylthiouracil,CCCc1cc(=O)[nH]c(=S)[nH]1,CL,'=',3.1,mL.min-1.kg-1,,,,,,,,,0,CHEMBL1614671,Clearance in human after iv administration,A,BAO_0000218,organism-based format,Homo sapiens,None,None,None,None,,,,CHEMBL612558,ADMET,,ADMET,CHEMBL1614632,1,Scientific Literature,Drug Metab Dispos,2008,None,,,,3.1
CHEMBL1687,,None,645.2,2,6.7,Tubocurarine,COc1cc2c3cc1Oc1cc(ccc1O)C[C@@H]1c4c(cc(OC)c(O)c4Oc4ccc(cc4)C[C@@H]3N(C)CC2)CC[N+]1(C)C.[Cl-],CL,'=',3.4,mL.min-1.kg-1,,,,,,,,,0,CHEMBL1614671,Clearance in human after iv administration,A,BAO_0000218,organism-based format,Homo sapiens,None,None,None,None,,,,CHEMBL612558,ADMET,,ADMET,CHEMBL1614632,1,Scientific Literature,Drug Metab Dispos,2008,None,,,,3.4
CHEMBL60745,EDROPHONIUM BROMIDE,None,246.15,0,1.98,Edrophonium,CC[N+](C)(C)c1cccc(O)c1.[Br-],CL,'=',9.6,mL.min-1.kg-1,,,,,,,,,0,CHEMBL1614671,Clearance in human after iv administration,A,BAO_0000218,organism-based format,Homo sapiens,None,None,None,None,,,,CHEMBL612558,ADMET,,ADMET,CHEMBL1614632,1,Scientific Literature,Drug Metab Dispos,2008,None,,,,9.6
CHEMBL1144,PRAVASTATIN,4,424.53,0,2.44,Pravastatin (acid),CC[C@H](C)C(=O)O[C@H]1C[C@H](O)C=C2C=C[C@H](C)[C@H](CC[C@@H](O)C[C@@H](O)CC(=O)O)[C@H]21,CL,'=',14,mL.min-1.kg-1,,,,,,,,,0,CHEMBL1614671,Clearance in human after iv administration,A,BAO_0000218,organism-based format,Homo sapiens,None,None,None,None,,,,CHEMBL612558,ADMET,,ADMET,CHEMBL1614632,1,Scientific Literature,Drug Metab Dispos,2008,None,,,,14
CHEMBL637,VENLAFAXINE,4,277.41,0,3.04,Venlafaxine,COc1ccc(C(CN(C)C)C2(O)CCCCC2)cc1,CL,'=',14,mL.min-1.kg-1,,,,,,,,,0,CHEMBL1614671,Clearance in human after iv administration,A,BAO_0000218,organism-based format,Homo sapiens,None,None,None,None,,,,CHEMBL612558,ADMET,,ADMET,CHEMBL1614632,1,Scientific Literature,Drug Metab Dispos,2008,None,,,,14
CHEMBL1086218,VALSPODAR,3,1214.65,None,None,Valspodar,C/C=C/C[C@@H](C)C(=O)[C@H]1C(=O)N[C@@H](C(C)C)C(=O)N(C)CC(=O)N(C)[C@@H](CC(C)C)C(=O)N[C@@H](C(C)C)C(=O)N(C)[C@@H](CC(C)C)C(=O)N[C@@H](C)C(=O)N[C@H](C)C(=O)N(C)[C@@H](CC(C)C)C(=O)N(C)[C@@H](CC(C)C)C(=O)N(C)[C@@H](C(C)C)C(=O)N1C,CL,'=',2.6,mL.min-1.kg-1,,,,,,,,,0,CHEMBL1614671,Clearance in human after iv administration,A,BAO_0000218,organism-based format,Homo sapiens,None,None,None,None,,,,CHEMBL612558,ADMET,,ADMET,CHEMBL1614632,1,Scientific Literature,Drug Metab Dispos,2008,None,,,,2.6
CHEMBL1736,METRIZOIC ACID,4,627.94,1,3.14,Metrizoate,CC(=O)Nc1c(I)c(C(=O)O)c(I)c(N(C)C(C)=O)c1I,CL,'=',2.7,mL.min-1.kg-1,,,,,,,,,0,CHEMBL1614671,Clearance in human after iv administration,A,BAO_0000218,organism-based format,Homo sapiens,None,None,None,None,,,,CHEMBL612558,ADMET,,ADMET,CHEMBL1614632,1,Scientific Literature,Drug Metab Dispos,2008,None,,,,2.7
CHEMBL850,SPARFLOXACIN,4,392.41,0,2.08,Sparfloxacin,C[C@@H]1CN(c2c(F)c(N)c3c(=O)c(C(=O)O)cn(C4CC4)c3c2F)C[C@H](C)N1,CL,'=',2.7,mL.min-1.kg-1,,,,,,,,,0,CHEMBL1614671,Clearance in human after iv administration,A,BAO_0000218,organism-based format,Homo sapiens,None,None,None,None,,,,CHEMBL612558,ADMET,,ADMET,CHEMBL1614632,1,Scientific Literature,Drug Metab Dispos,2008,None,,,,2.7
CHEMBL3301800,CEFPROZIL,None,389.43,0,0.71,Cefprozil,CC=CC1=C(C(=O)O)N2C(=O)[C@@H](NC(=O)[C@H](N)c3ccc(O)cc3)[C@H]2SC1,CL,'=',2.9,mL.min-1.kg-1,,,,,,,,,0,CHEMBL1614671,Clearance in human after iv administration,A,BAO_0000218,organism-based format,Homo sapiens,None,None,None,None,,,,CHEMBL612558,ADMET,,ADMET,CHEMBL1614632,1,Scientific Literature,Drug Metab Dispos,2008,None,,,,2.9
CHEMBL646,TRIAZOLAM,4,343.22,0,4.23,Triazolam,Cc1nnc2n1-c1ccc(Cl)cc1C(c1ccccc1Cl)=NC2,CL,'=',3,mL.min-1.kg-1,,,,,,,,,0,CHEMBL1614671,Clearance in human after iv administration,A,BAO_0000218,organism-based format,Homo sapiens,None,None,None,None,,,,CHEMBL612558,ADMET,,ADMET,CHEMBL1614632,1,Scientific Literature,Drug Metab Dispos,2008,None,,,,3
CHEMBL600,ACETYLCYSTEINE,4,163.2,0,-0.49,N-Acetylcysteine,CC(=O)N[C@@H](CS)C(=O)O,CL,'=',3.1,mL.min-1.kg-1,,,,,,,,,0,CHEMBL1614671,Clearance in human after iv administration,A,BAO_0000218,organism-based format,Homo sapiens,None,None,None,None,,,,CHEMBL612558,ADMET,,ADMET,CHEMBL1614632,1,Scientific Literature,Drug Metab Dispos,2008,None,,,,3.1
CHEMBL501259,ERITORAN,3,1313.68,None,None,Eritoran,CCCCCC/C=C\CCCCCCCCCC(=O)N[C@H]1[C@H](OC[C@H]2O[C@H](OP(=O)(O)O)[C@H](NC(=O)CC(=O)CCCCCCCCCCC)[C@@H](OCCCCCCCCCC)[C@@H]2O)O[C@H](COC)[C@@H](OP(=O)(O)O)[C@@H]1OCC[C@@H](CCCCCCC)OC,CL,'=',0.013,mL.min-1.kg-1,,,,,,,,,0,CHEMBL1614671,Clearance in human after iv administration,A,BAO_0000218,organism-based format,Homo sapiens,None,None,None,None,,,,CHEMBL612558,ADMET,,ADMET,CHEMBL1614632,1,Scientific Literature,Drug Metab Dispos,2008,None,,,,0.013
CHEMBL53,APOMORPHINE,4,267.33,0,2.85,apomorphine,CN1CCc2cccc3c2[C@H]1Cc1ccc(O)c(O)c1-3,CL,'=',40,mL.min-1.kg-1,,,,,,,,,0,CHEMBL1614671,Clearance in human after iv administration,A,BAO_0000218,organism-based format,Homo sapiens,None,None,None,None,,,,CHEMBL612558,ADMET,,ADMET,CHEMBL1614632,1,Scientific Literature,Drug Metab Dispos,2008,None,,,,40
CHEMBL898,DIFLUNISAL,4,250.2,0,3.04,DIFLUNISAL,O=C(O)c1cc(-c2ccc(F)cc2F)ccc1O,CL,'=',0.1,mL.min-1.kg-1,,,,,,,,,0,CHEMBL1614671,Clearance in human after iv administration,A,BAO_0000218,organism-based format,Homo sapiens,None,None,None,None,,,,CHEMBL612558,ADMET,,ADMET,CHEMBL1614632,1,Scientific Literature,Drug Metab Dispos,2008,None,,,,0.1
CHEMBL109,VALPROIC ACID,4,144.21,0,2.29,Valproic Acid,CCCC(CCC)C(=O)O,CL,'=',0.16,mL.min-1.kg-1,,,,,,,,,0,CHEMBL1614671,Clearance in human after iv administration,A,BAO_0000218,organism-based format,Homo sapiens,None,None,None,None,,,,CHEMBL612558,ADMET,,ADMET,CHEMBL1614632,1,Scientific Literature,Drug Metab Dispos,2008,None,,,,0.16
CHEMBL457547,MICAFUNGIN,4,1270.29,None,None,Micafungin,CCCCCOc1ccc(-c2cc(-c3ccc(C(=O)N[C@H]4C[C@@H](O)[C@@H](O)NC(=O)[C@@H]5[C@@H](O)[C@@H](C)CN5C(=O)[C@H]([C@H](O)CC(N)=O)NC(=O)[C@H]([C@H](O)[C@@H](O)c5ccc(O)c(OS(=O)(=O)O)c5)NC(=O)[C@@H]5C[C@@H](O)CN5C(=O)[C@H]([C@@H](C)O)NC4=O)cc3)no2)cc1,CL,'=',0.17,mL.min-1.kg-1,,,,,,,,,0,CHEMBL1614671,Clearance in human after iv administration,A,BAO_0000218,organism-based format,Homo sapiens,None,None,None,None,,,,CHEMBL612558,ADMET,,ADMET,CHEMBL1614632,1,Scientific Literature,Drug Metab Dispos,2008,None,,,,0.17
CHEMBL1591,DEMECLOCYCLINE,4,464.86,1,0.26,Demethylchlortetracycline,CN(C)[C@@H]1C(O)=C(C(N)=O)C(=O)[C@@]2(O)C(O)=C3C(=O)c4c(O)ccc(Cl)c4[C@@H](O)[C@H]3C[C@@H]12,CL,'=',1.1,mL.min-1.kg-1,,,,,,,,,0,CHEMBL1614671,Clearance in human after iv administration,A,BAO_0000218,organism-based format,Homo sapiens,None,None,None,None,,,,CHEMBL612558,ADMET,,ADMET,CHEMBL1614632,1,Scientific Literature,Drug Metab Dispos,2008,None,,,,1.1
CHEMBL444929,SQUALAMINE,3,627.98,2,5.55,Squalamine,CC(C)[C@@H](CC[C@@H](C)[C@H]1CC[C@H]2[C@@H]3[C@H](O)C[C@H]4C[C@@H](NCCCNCCCCN)CC[C@]4(C)[C@H]3CC[C@]12C)OS(=O)(=O)O,CL,'=',1.2,mL.min-1.kg-1,,,,,,,,,0,CHEMBL1614671,Clearance in human after iv administration,A,BAO_0000218,organism-based format,Homo sapiens,None,None,None,None,,,,CHEMBL612558,ADMET,,ADMET,CHEMBL1614632,1,Scientific Literature,Drug Metab Dispos,2008,None,,,,1.2
CHEMBL1614647,,None,376.47,0,3.44,Ethinylestradiol-17-Sulfate,C#C[C@]1(OS(=O)(=O)O)CC[C@H]2[C@@H]3CCc4cc(O)ccc4[C@H]3CC[C@@]21C,CL,'=',1.3,mL.min-1.kg-1,,,,,,,,,0,CHEMBL1614671,Clearance in human after iv administration,A,BAO_0000218,organism-based format,Homo sapiens,None,None,None,None,,,,CHEMBL612558,ADMET,,ADMET,CHEMBL1614632,1,Scientific Literature,Drug Metab Dispos,2008,None,,,,1.3
CHEMBL262777,VANCOMYCIN,4,1449.27,None,None,Vancomycin,CN[C@H](CC(C)C)C(=O)N[C@H]1C(=O)N[C@@H](CC(N)=O)C(=O)N[C@H]2C(=O)N[C@H]3C(=O)N[C@H](C(=O)N[C@H](C(=O)O)c4cc(O)cc(O)c4-c4cc3ccc4O)[C@H](O)c3ccc(c(Cl)c3)Oc3cc2cc(c3O[C@@H]2O[C@H](CO)[C@@H](O)[C@H](O)[C@H]2O[C@H]2C[C@](C)(N)[C@H](O)[C@H](C)O2)Oc2ccc(cc2Cl)[C@H]1O,CL,'=',1.3,mL.min-1.kg-1,,,,,,,,,0,CHEMBL1614671,Clearance in human after iv administration,A,BAO_0000218,organism-based format,Homo sapiens,None,None,None,None,,,,CHEMBL612558,ADMET,,ADMET,CHEMBL1614632,1,Scientific Literature,Drug Metab Dispos,2008,None,,,,1.3
CHEMBL13280,FLUNITRAZEPAM,4,313.29,0,2.55,Flunitrazepam,CN1C(=O)CN=C(c2ccccc2F)c2cc([N+](=O)[O-])ccc21,CL,'=',1.4,mL.min-1.kg-1,,,,,,,,,0,CHEMBL1614671,Clearance in human after iv administration,A,BAO_0000218,organism-based format,Homo sapiens,None,None,None,None,,,,CHEMBL612558,ADMET,,ADMET,CHEMBL1614632,1,Scientific Literature,Drug Metab Dispos,2008,None,,,,1.4
CHEMBL878,METOLAZONE,4,365.84,0,2.71,Metolazone,Cc1ccccc1N1C(=O)c2cc(S(N)(=O)=O)c(Cl)cc2NC1C,CL,'=',1.4,mL.min-1.kg-1,,,,,,,,,0,CHEMBL1614671,Clearance in human after iv administration,A,BAO_0000218,organism-based format,Homo sapiens,None,None,None,None,,,,CHEMBL612558,ADMET,,ADMET,CHEMBL1614632,1,Scientific Literature,Drug Metab Dispos,2008,None,,,,1.4
CHEMBL374478,RIFAMPIN,4,822.95,3,4.34,Rifampicin,CO[C@H]1/C=C/O[C@@]2(C)Oc3c(C)c(O)c4c(O)c(c(/C=N/N5CCN(C)CC5)c(O)c4c3C2=O)NC(=O)/C(C)=C\C=C\[C@H](C)[C@H](O)[C@@H](C)[C@@H](O)[C@@H](C)[C@H](OC(C)=O)[C@@H]1C,CL,'=',3.5,mL.min-1.kg-1,,,,,,,,,0,CHEMBL1614671,Clearance in human after iv administration,A,BAO_0000218,organism-based format,Homo sapiens,None,None,None,None,,,,CHEMBL612558,ADMET,,ADMET,CHEMBL1614632,1,Scientific Literature,Drug Metab Dispos,2008,None,,,,3.5
CHEMBL550781,DEXLOXIGLUMIDE,3,461.39,0,4.01,Dexloxiglumide,CCCCCN(CCCOC)C(=O)[C@@H](CCC(=O)O)NC(=O)c1ccc(Cl)c(Cl)c1,CL,'=',3.7,mL.min-1.kg-1,,,,,,,,,0,CHEMBL1614671,Clearance in human after iv administration,A,BAO_0000218,organism-based format,Homo sapiens,None,None,None,None,,,,CHEMBL612558,ADMET,,ADMET,CHEMBL1614632,1,Scientific Literature,Drug Metab Dispos,2008,None,,,,3.7
CHEMBL45816,MIBEFRADIL,4,495.64,1,5.27,Mibefradil,COCC(=O)O[C@]1(CCN(C)CCCc2nc3ccccc3[nH]2)CCc2cc(F)ccc2[C@@H]1C(C)C,CL,'=',4,mL.min-1.kg-1,,,,,,,,,0,CHEMBL1614671,Clearance in human after iv administration,A,BAO_0000218,organism-based format,Homo sapiens,None,None,None,None,,,,CHEMBL612558,ADMET,,ADMET,CHEMBL1614632,1,Scientific Literature,Drug Metab Dispos,2008,None,,,,4
CHEMBL702,PIPERACILLIN,4,517.56,1,-0.24,Piperacillin,CCN1CCN(C(=O)N[C@@H](C(=O)N[C@@H]2C(=O)N3[C@@H]2SC(C)(C)[C@@H]3C(=O)O)c2ccccc2)C(=O)C1=O,CL,'=',4,mL.min-1.kg-1,,,,,,,,,0,CHEMBL1614671,Clearance in human after iv administration,A,BAO_0000218,organism-based format,Homo sapiens,None,None,None,None,,,,CHEMBL612558,ADMET,,ADMET,CHEMBL1614632,1,Scientific Literature,Drug Metab Dispos,2008,None,,,,4
CHEMBL549,CITALOPRAM,4,324.4,0,3.81,Citalopram,CN(C)CCCC1(c2ccc(F)cc2)OCc2cc(C#N)ccc21,CL,'=',4.3,mL.min-1.kg-1,,,,,,,,,0,CHEMBL1614671,Clearance in human after iv administration,A,BAO_0000218,organism-based format,Homo sapiens,None,None,None,None,,,,CHEMBL612558,ADMET,,ADMET,CHEMBL1614632,1,Scientific Literature,Drug Metab Dispos,2008,None,,,,4.3
CHEMBL916,TIROFIBAN,4,440.61,0,2.95,Tirofiban,CCCCS(=O)(=O)N[C@@H](Cc1ccc(OCCCCC2CCNCC2)cc1)C(=O)O,CL,'=',4.3,mL.min-1.kg-1,,,,,,,,,0,CHEMBL1614671,Clearance in human after iv administration,A,BAO_0000218,organism-based format,Homo sapiens,None,None,None,None,,,,CHEMBL612558,ADMET,,ADMET,CHEMBL1614632,1,Scientific Literature,Drug Metab Dispos,2008,None,,,,4.3
CHEMBL182,GANCICLOVIR,4,255.23,0,-1.97,1,Nc1nc2c(ncn2COC(CO)CO)c(=O)[nH]1,CL,'=',4.6,mL.min-1.kg-1,,,,,,,,,0,CHEMBL1614671,Clearance in human after iv administration,A,BAO_0000218,organism-based format,Homo sapiens,None,None,None,None,,,,CHEMBL612558,ADMET,,ADMET,CHEMBL1614632,1,Scientific Literature,Drug Metab Dispos,2008,None,,,,4.6
CHEMBL1237046,ROLITETRACYCLINE,2,527.57,2,0.47,Rolitetracycline,CN(C)[C@@H]1C(O)=C(C(=O)NCN2CCCC2)C(=O)[C@@]2(O)C(O)=C3C(=O)c4c(O)cccc4[C@@](C)(O)[C@H]3C[C@@H]12,CL,'=',0.97,mL.min-1.kg-1,,,,,,,,,0,CHEMBL1614671,Clearance in human after iv administration,A,BAO_0000218,organism-based format,Homo sapiens,None,None,None,None,,,,CHEMBL612558,ADMET,,ADMET,CHEMBL1614632,1,Scientific Literature,Drug Metab Dispos,2008,None,,,,0.97
CHEMBL1167,SPECTINOMYCIN,4,332.35,0,-2.93,Spectinomycin,CN[C@@H]1[C@H](O)[C@H](NC)[C@H]2O[C@@]3(O)C(=O)C[C@@H](C)O[C@H]3O[C@@H]2[C@H]1O,CL,'=',0.99,mL.min-1.kg-1,,,,,,,,,0,CHEMBL1614671,Clearance in human after iv administration,A,BAO_0000218,organism-based format,Homo sapiens,None,None,None,None,,,,CHEMBL612558,ADMET,,ADMET,CHEMBL1614632,1,Scientific Literature,Drug Metab Dispos,2008,None,,,,0.99
CHEMBL1541,CEFIXIME,4,453.46,0,-0.54,Cefixime,C=CC1=C(C(=O)O)N2C(=O)[C@@H](NC(=O)/C(=N\OCC(=O)O)c3csc(N)n3)[C@H]2SC1,CL,'=',1,mL.min-1.kg-1,,,,,,,,,0,CHEMBL1614671,Clearance in human after iv administration,A,BAO_0000218,organism-based format,Homo sapiens,None,None,None,None,,,,CHEMBL612558,ADMET,,ADMET,CHEMBL1614632,1,Scientific Literature,Drug Metab Dispos,2008,None,,,,1
CHEMBL621,TRAZODONE,4,371.87,0,2.36,Trazodone,O=c1n(CCCN2CCN(c3cccc(Cl)c3)CC2)nc2ccccn12,CL,'=',1.4,mL.min-1.kg-1,,,,,,,,,0,CHEMBL1614671,Clearance in human after iv administration,A,BAO_0000218,organism-based format,Homo sapiens,None,None,None,None,,,,CHEMBL612558,ADMET,,ADMET,CHEMBL1614632,1,Scientific Literature,Drug Metab Dispos,2008,None,,,,1.4
CHEMBL297302,BENPERIDOL,4,381.45,0,3.77,Benperidol,O=C(CCCN1CCC(n2c(=O)[nH]c3ccccc32)CC1)c1ccc(F)cc1,CL,'=',8.3,mL.min-1.kg-1,,,,,,,,,0,CHEMBL1614671,Clearance in human after iv administration,A,BAO_0000218,organism-based format,Homo sapiens,None,None,None,None,,,,CHEMBL612558,ADMET,,ADMET,CHEMBL1614632,1,Scientific Literature,Drug Metab Dispos,2008,None,,,,8.3
CHEMBL1614652,REPINOTAN,2,400.5,0,2.59,Repinotan,O=C1c2ccccc2S(=O)(=O)N1CCCCNC[C@H]1CCc2ccccc2O1,CL,'=',2.2,mL.min-1.kg-1,,,,,,,,,0,CHEMBL1614671,Clearance in human after iv administration,A,BAO_0000218,organism-based format,Homo sapiens,None,None,None,None,,,,CHEMBL612558,ADMET,,ADMET,CHEMBL1614632,1,Scientific Literature,Drug Metab Dispos,2008,None,,,,2.2
CHEMBL4297191,TEICOPLANIN A2-1,-1,1877.66,None,None,Teicoplanin A2-1,CCCCC/C=C\CCC(=O)N[C@H]1[C@H](Oc2c3cc4cc2Oc2ccc(cc2Cl)[C@@H](O[C@@H]2O[C@H](CO)[C@@H](O)[C@H](O)[C@H]2NC(C)=O)[C@@H]2NC(=O)[C@H](NC(=O)[C@@H]4NC(=O)[C@H]4NC(=O)[C@@H](Cc5ccc(c(Cl)c5)O3)NC(=O)[C@H](N)c3ccc(O)c(c3)Oc3cc(O)cc4c3)c3ccc(O)c(c3)-c3c(O[C@H]4O[C@H](CO)[C@@H](O)[C@H](O)[C@@H]4O)cc(O)cc3[C@@H](C(=O)O)NC2=O)O[C@H](CO)[C@@H](O)[C@@H]1O,CL,'=',0.2,mL.min-1.kg-1,,,,,,,,,0,CHEMBL1614671,Clearance in human after iv administration,A,BAO_0000218,organism-based format,Homo sapiens,None,None,None,None,,,,CHEMBL612558,ADMET,,ADMET,CHEMBL1614632,1,Scientific Literature,Drug Metab Dispos,2008,None,,,,0.2
CHEMBL361497,ARTESUNATE,4,384.43,0,2.6,AS,C[C@H]1[C@H](OC(=O)CCC(=O)O)O[C@@H]2O[C@@]3(C)CC[C@H]4[C@H](C)CC[C@@H]1[C@@]24OO3,CL,'=',1070,mL.min-1.kg-1,,,,,,,,,0,CHEMBL1614671,Clearance in human after iv administration,A,BAO_0000218,organism-based format,Homo sapiens,None,None,None,None,,,,CHEMBL612558,ADMET,,ADMET,CHEMBL1614632,1,Scientific Literature,Drug Metab Dispos,2008,None,,,,1070
CHEMBL166937,SARCNU,2,222.63,0,-0.25,SarCNU,CN(CC(N)=O)C(=O)N(CCCl)N=O,CL,'=',9,mL.min-1.kg-1,,,,,,,,,0,CHEMBL1614671,Clearance in human after iv administration,A,BAO_0000218,organism-based format,Homo sapiens,None,None,None,None,,,,CHEMBL612558,ADMET,,ADMET,CHEMBL1614632,1,Scientific Literature,Drug Metab Dispos,2008,None,,,,9
CHEMBL47072,KETOBEMIDONE,2,247.34,0,2.33,Ketobemidone,CCC(=O)C1(c2cccc(O)c2)CCN(C)CC1,CL,'=',9.2,mL.min-1.kg-1,,,,,,,,,0,CHEMBL1614671,Clearance in human after iv administration,A,BAO_0000218,organism-based format,Homo sapiens,None,None,None,None,,,,CHEMBL612558,ADMET,,ADMET,CHEMBL1614632,1,Scientific Literature,Drug Metab Dispos,2008,None,,,,9.2
CHEMBL704,MESALAMINE,4,153.14,0,0.67,5-Aminosalicylic acid,Nc1ccc(O)c(C(=O)O)c1,CL,'=',9.3,mL.min-1.kg-1,,,,,,,,,0,CHEMBL1614671,Clearance in human after iv administration,A,BAO_0000218,organism-based format,Homo sapiens,None,None,None,None,,,,CHEMBL612558,ADMET,,ADMET,CHEMBL1614632,1,Scientific Literature,Drug Metab Dispos,2008,None,,,,9.3
CHEMBL1790041,RANITIDINE,4,314.41,0,1.46,Ranitidine,CNC(=C[N+](=O)[O-])NCCSCc1ccc(CN(C)C)o1,CL,'=',9.6,mL.min-1.kg-1,,,,,,,,,0,CHEMBL1614671,Clearance in human after iv administration,A,BAO_0000218,organism-based format,Homo sapiens,None,None,None,None,,,,CHEMBL612558,ADMET,,ADMET,CHEMBL1614632,1,Scientific Literature,Drug Metab Dispos,2008,None,,,,9.6
CHEMBL657,DIPHENHYDRAMINE,4,255.36,0,3.35,SID11111060,CN(C)CCOC(c1ccccc1)c1ccccc1,CL,'=',9.8,mL.min-1.kg-1,,,,,,,,,0,CHEMBL1614671,Clearance in human after iv administration,A,BAO_0000218,organism-based format,Homo sapiens,None,None,None,None,,,,CHEMBL612558,ADMET,,ADMET,CHEMBL1614632,1,Scientific Literature,Drug Metab Dispos,2008,None,,,,9.8
CHEMBL1764,LEVOMEPROMAZINE,4,328.48,0,4.5,Levomepromazine,COc1ccc2c(c1)N(C[C@H](C)CN(C)C)c1ccccc1S2,CL,'=',9.9,mL.min-1.kg-1,,,,,,,,,0,CHEMBL1614671,Clearance in human after iv administration,A,BAO_0000218,organism-based format,Homo sapiens,None,None,None,None,,,,CHEMBL612558,ADMET,,ADMET,CHEMBL1614632,1,Scientific Literature,Drug Metab Dispos,2008,None,,,,9.9
CHEMBL1614654,NORTILIDINE,None,259.35,0,2.43,Nortilidine,CCOC(=O)[C@]1(c2ccccc2)CCC=C[C@H]1NC,CL,'=',9.9,mL.min-1.kg-1,,,,,,,,,0,CHEMBL1614671,Clearance in human after iv administration,A,BAO_0000218,organism-based format,Homo sapiens,None,None,None,None,,,,CHEMBL612558,ADMET,,ADMET,CHEMBL1614632,1,Scientific Literature,Drug Metab Dispos,2008,None,,,,9.9
CHEMBL1201752,IXABEPILONE,4,506.71,1,4.05,Ixabepilone,C/C(=C\c1csc(C)n1)[C@@H]1C[C@@H]2O[C@]2(C)CCC[C@H](C)[C@H](O)[C@@H](C)C(=O)C(C)(C)[C@@H](O)CC(=O)N1,CL,'=',10,mL.min-1.kg-1,,,,,,,,,0,CHEMBL1614671,Clearance in human after iv administration,A,BAO_0000218,organism-based format,Homo sapiens,None,None,None,None,,,,CHEMBL612558,ADMET,,ADMET,CHEMBL1614632,1,Scientific Literature,Drug Metab Dispos,2008,None,,,,10
CHEMBL248702,DEXFENFLURAMINE,4,231.26,0,3.25,Dexfenfluramine,CCN[C@@H](C)Cc1cccc(C(F)(F)F)c1,CL,'=',11,mL.min-1.kg-1,,,,,,,,,0,CHEMBL1614671,Clearance in human after iv administration,A,BAO_0000218,organism-based format,Homo sapiens,None,None,None,None,,,,CHEMBL612558,ADMET,,ADMET,CHEMBL1614632,1,Scientific Literature,Drug Metab Dispos,2008,None,,,,11
CHEMBL3707182,,None,355.46,0,2.43,3(S)-Hydroxydihydroquinidine,C=C[C@@]1(O)C[N+]2(C)CC[C@H]1C[C@@H]2[C@@H](O)c1ccnc2ccc(OC)cc12,CL,'=',12,mL.min-1.kg-1,,,,,,,,,0,CHEMBL1614671,Clearance in human after iv administration,A,BAO_0000218,organism-based format,Homo sapiens,None,None,None,None,,,,CHEMBL612558,ADMET,,ADMET,CHEMBL1614632,1,Scientific Literature,Drug Metab Dispos,2008,None,,,,12
CHEMBL7413,METHOHEXITAL,4,262.31,0,1.31,Methohexital,C=CCC1(C(C)C#CCC)C(=O)NC(=O)N(C)C1=O,CL,'=',12,mL.min-1.kg-1,,,,,,,,,0,CHEMBL1614671,Clearance in human after iv administration,A,BAO_0000218,organism-based format,Homo sapiens,None,None,None,None,,,,CHEMBL612558,ADMET,,ADMET,CHEMBL1614632,1,Scientific Literature,Drug Metab Dispos,2008,None,,,,12
CHEMBL465026,NEFOPAM,4,253.35,0,3.24,Nefopam,CN1CCOC(c2ccccc2)c2ccccc2C1,CL,'=',12,mL.min-1.kg-1,,,,,,,,,0,CHEMBL1614671,Clearance in human after iv administration,A,BAO_0000218,organism-based format,Homo sapiens,None,None,None,None,,,,CHEMBL612558,ADMET,,ADMET,CHEMBL1614632,1,Scientific Literature,Drug Metab Dispos,2008,None,,,,12
CHEMBL84,TOPOTECAN,4,421.45,0,1.85,Topotecan,CC[C@@]1(O)C(=O)OCc2c1cc1n(c2=O)Cc2cc3c(CN(C)C)c(O)ccc3nc2-1,CL,'=',13,mL.min-1.kg-1,,,,,,,,,0,CHEMBL1614671,Clearance in human after iv administration,A,BAO_0000218,organism-based format,Homo sapiens,None,None,None,None,,,,CHEMBL612558,ADMET,,ADMET,CHEMBL1614632,1,Scientific Literature,Drug Metab Dispos,2008,None,,,,13
CHEMBL324090,ABANOQUIL,2,395.46,0,3.41,Abanoquil,COc1cc2c(cc1OC)CN(c1cc(N)c3cc(OC)c(OC)cc3n1)CC2,CL,'=',14,mL.min-1.kg-1,,,,,,,,,0,CHEMBL1614671,Clearance in human after iv administration,A,BAO_0000218,organism-based format,Homo sapiens,None,None,None,None,,,,CHEMBL612558,ADMET,,ADMET,CHEMBL1614632,1,Scientific Literature,Drug Metab Dispos,2008,None,,,,14
CHEMBL3545252,DOCETAXEL,4,861.94,2,3.26,Docetaxel,CC(=O)O[C@@]12CO[C@@H]1C[C@H](O)[C@@]1(C)C(=O)[C@H](O)C3=C(C)[C@@H](OC(=O)[C@H](O)[C@@H](NC(=O)OC(C)(C)C)c4ccccc4)C[C@@](O)([C@@H](OC(=O)c4ccccc4)[C@H]21)C3(C)C.O.O.O,CL,'=',14,mL.min-1.kg-1,,,,,,,,,0,CHEMBL1614671,Clearance in human after iv administration,A,BAO_0000218,organism-based format,Homo sapiens,None,None,None,None,,,,CHEMBL612558,ADMET,,ADMET,CHEMBL1614632,1,Scientific Literature,Drug Metab Dispos,2008,None,,,,14
CHEMBL564,PROMAZINE,4,284.43,0,4.24,Promazine,CN(C)CCCN1c2ccccc2Sc2ccccc21,CL,'=',14,mL.min-1.kg-1,,,,,,,,,0,CHEMBL1614671,Clearance in human after iv administration,A,BAO_0000218,organism-based format,Homo sapiens,None,None,None,None,,,,CHEMBL612558,ADMET,,ADMET,CHEMBL1614632,1,Scientific Literature,Drug Metab Dispos,2008,None,,,,14
CHEMBL1136,TELITHROMYCIN,4,812.02,2,4.93,Telithromycin,CC[C@H]1OC(=O)[C@H](C)C(=O)[C@H](C)[C@@H](O[C@@H]2O[C@H](C)C[C@H](N(C)C)[C@H]2O)[C@](C)(OC)C[C@@H](C)C(=O)[C@H](C)[C@H]2N(CCCCn3cnc(-c4cccnc4)c3)C(=O)O[C@]12C,CL,'=',14,mL.min-1.kg-1,,,,,,,,,0,CHEMBL1614671,Clearance in human after iv administration,A,BAO_0000218,organism-based format,Homo sapiens,None,None,None,None,,,,CHEMBL612558,ADMET,,ADMET,CHEMBL1614632,1,Scientific Literature,Drug Metab Dispos,2008,None,,,,14
CHEMBL1726,NISOLDIPINE,4,388.42,0,3.2,Nisoldipine,COC(=O)C1=C(C)NC(C)=C(C(=O)OCC(C)C)C1c1ccccc1[N+](=O)[O-],CL,'=',15,mL.min-1.kg-1,,,,,,,,,0,CHEMBL1614671,Clearance in human after iv administration,A,BAO_0000218,organism-based format,Homo sapiens,None,None,None,None,,,,CHEMBL612558,ADMET,,ADMET,CHEMBL1614632,1,Scientific Literature,Drug Metab Dispos,2008,None,,,,15
CHEMBL569713,SCOPOLAMINE,4,303.36,0,0.92,Scopolamine,CN1[C@@H]2C[C@@H](OC(=O)[C@H](CO)c3ccccc3)C[C@H]1[C@@H]1O[C@@H]12,CL,'=',16,mL.min-1.kg-1,,,,,,,,,0,CHEMBL1614671,Clearance in human after iv administration,A,BAO_0000218,organism-based format,Homo sapiens,None,None,None,None,,,,CHEMBL612558,ADMET,,ADMET,CHEMBL1614632,1,Scientific Literature,Drug Metab Dispos,2008,None,,,,16
CHEMBL517,DISOPYRAMIDE,4,339.48,0,3.36,Disopyramide,CC(C)N(CCC(C(N)=O)(c1ccccc1)c1ccccn1)C(C)C,CL,'=',0.9,mL.min-1.kg-1,,,,,,,,,0,CHEMBL1614671,Clearance in human after iv administration,A,BAO_0000218,organism-based format,Homo sapiens,None,None,None,None,,,,CHEMBL612558,ADMET,,ADMET,CHEMBL1614632,1,Scientific Literature,Drug Metab Dispos,2008,None,,,,0.9
CHEMBL2,PRAZOSIN,4,383.41,0,1.78,144,COc1cc2nc(N3CCN(C(=O)c4ccco4)CC3)nc(N)c2cc1OC,CL,'=',4.7,mL.min-1.kg-1,,,,,,,,,0,CHEMBL1614671,Clearance in human after iv administration,A,BAO_0000218,organism-based format,Homo sapiens,None,None,None,None,,,,CHEMBL612558,ADMET,,ADMET,CHEMBL1614632,1,Scientific Literature,Drug Metab Dispos,2008,None,,,,4.7
CHEMBL652,FLECAINIDE,4,414.35,0,3.44,Flecainide,O=C(NCC1CCCCN1)c1cc(OCC(F)(F)F)ccc1OCC(F)(F)F,CL,'=',4.9,mL.min-1.kg-1,,,,,,,,,0,CHEMBL1614671,Clearance in human after iv administration,A,BAO_0000218,organism-based format,Homo sapiens,None,None,None,None,,,,CHEMBL612558,ADMET,,ADMET,CHEMBL1614632,1,Scientific Literature,Drug Metab Dispos,2008,None,,,,4.9
CHEMBL119,TRIMETREXATE,4,369.43,0,2.74,Trimetrexate,COc1cc(NCc2ccc3nc(N)nc(N)c3c2C)cc(OC)c1OC,CL,'=',0.77,mL.min-1.kg-1,,,,,,,,,0,CHEMBL1614671,Clearance in human after iv administration,A,BAO_0000218,organism-based format,Homo sapiens,None,None,None,None,,,,CHEMBL612558,ADMET,,ADMET,CHEMBL1614632,1,Scientific Literature,Drug Metab Dispos,2008,None,,,,0.77
CHEMBL1213583,GESTODENE,3,310.44,0,3.66,Gestodene,C#C[C@]1(O)C=C[C@H]2[C@@H]3CCC4=CC(=O)CC[C@@H]4[C@H]3CC[C@@]21CC,CL,'=',0.8,mL.min-1.kg-1,,,,,,,,,0,CHEMBL1614671,Clearance in human after iv administration,A,BAO_0000218,organism-based format,Homo sapiens,None,None,None,None,,,,CHEMBL612558,ADMET,,ADMET,CHEMBL1614632,1,Scientific Literature,Drug Metab Dispos,2008,None,,,,0.8
CHEMBL1614663,PIPERCURONIUM,None,776.74,1,4.02,Pipercuronium,CC(=O)O[C@H]1C[C@]2(C)CC[C@H]3[C@@H]4C[C@H](N5CC[N+](C)(C)CC5)[C@H](OC(C)=O)[C@@]4(C)CC[C@@H]3[C@@]2(C)C[C@@H]1N1CC[N+](C)(C)CC1.[Br-].[Br-],CL,'=',3,mL.min-1.kg-1,,,,,,,,,0,CHEMBL1614671,Clearance in human after iv administration,A,BAO_0000218,organism-based format,Homo sapiens,None,None,None,None,,,,CHEMBL612558,ADMET,,ADMET,CHEMBL1614632,1,Scientific Literature,Drug Metab Dispos,2008,None,,,,3
CHEMBL1738,DEXRAZOXANE,4,268.27,0,-2.71,Dexrazoxane,C[C@@H](CN1CC(=O)NC(=O)C1)N1CC(=O)NC(=O)C1,CL,'=',3.1,mL.min-1.kg-1,,,,,,,,,0,CHEMBL1614671,Clearance in human after iv administration,A,BAO_0000218,organism-based format,Homo sapiens,None,None,None,None,,,,CHEMBL612558,ADMET,,ADMET,CHEMBL1614632,1,Scientific Literature,Drug Metab Dispos,2008,None,,,,3.1
CHEMBL941,IMATINIB,4,493.62,0,4.59,4,Cc1ccc(NC(=O)c2ccc(CN3CCN(C)CC3)cc2)cc1Nc1nccc(-c2cccnc2)n1,CL,'=',3.3,mL.min-1.kg-1,,,,,,,,,0,CHEMBL1614671,Clearance in human after iv administration,A,BAO_0000218,organism-based format,Homo sapiens,None,None,None,None,,,,CHEMBL612558,ADMET,,ADMET,CHEMBL1614632,1,Scientific Literature,Drug Metab Dispos,2008,None,,,,3.3
CHEMBL1443,NAFCILLIN,4,414.48,0,2.48,Nafcillin,CCOc1ccc2ccccc2c1C(=O)N[C@@H]1C(=O)N2[C@@H]1SC(C)(C)[C@@H]2C(=O)O,CL,'=',3.3,mL.min-1.kg-1,,,,,,,,,0,CHEMBL1614671,Clearance in human after iv administration,A,BAO_0000218,organism-based format,Homo sapiens,None,None,None,None,,,,CHEMBL612558,ADMET,,ADMET,CHEMBL1614632,1,Scientific Literature,Drug Metab Dispos,2008,None,,,,3.3
CHEMBL135400,ZOPICLONE,4,388.82,0,1.57,Zopiclone,CN1CCN(C(=O)OC2c3nccnc3C(=O)N2c2ccc(Cl)cn2)CC1,CL,'=',3.3,mL.min-1.kg-1,,,,,,,,,0,CHEMBL1614671,Clearance in human after iv administration,A,BAO_0000218,organism-based format,Homo sapiens,None,None,None,None,,,,CHEMBL612558,ADMET,,ADMET,CHEMBL1614632,1,Scientific Literature,Drug Metab Dispos,2008,None,,,,3.3
CHEMBL551978,DROTAVERINE,3,397.52,0,4.93,Drotaverine,CCOc1ccc(/C=C2\NCCc3cc(OCC)c(OCC)cc32)cc1OCC,CL,'=',3.5,mL.min-1.kg-1,,,,,,,,,0,CHEMBL1614671,Clearance in human after iv administration,A,BAO_0000218,organism-based format,Homo sapiens,None,None,None,None,,,,CHEMBL612558,ADMET,,ADMET,CHEMBL1614632,1,Scientific Literature,Drug Metab Dispos,2008,None,,,,3.5
CHEMBL810,TEMOZOLOMIDE,4,194.15,0,-2.08,Temozolomide,Cn1nnc2c(C(N)=O)ncn2c1=O,CL,'=',3.6,mL.min-1.kg-1,,,,,,,,,0,CHEMBL1614671,Clearance in human after iv administration,A,BAO_0000218,organism-based format,Homo sapiens,None,None,None,None,,,,CHEMBL612558,ADMET,,ADMET,CHEMBL1614632,1,Scientific Literature,Drug Metab Dispos,2008,None,,,,3.6
CHEMBL923,RISEDRONIC ACID,4,283.11,0,-0.37,Risedronic acid,O=P(O)(O)C(O)(Cc1cccnc1)P(=O)(O)O,CL,'=',1.5,mL.min-1.kg-1,,,,,,,,,0,CHEMBL1614671,Clearance in human after iv administration,A,BAO_0000218,organism-based format,Homo sapiens,None,None,None,None,,,,CHEMBL612558,ADMET,,ADMET,CHEMBL1614632,1,Scientific Literature,Drug Metab Dispos,2008,None,,,,1.5
CHEMBL611,TERAZOSIN,4,387.44,0,1.06,Terazosin,COc1cc2nc(N3CCN(C(=O)C4CCCO4)CC3)nc(N)c2cc1OC,CL,'=',1.1,mL.min-1.kg-1,,,,,,,,,0,CHEMBL1614671,Clearance in human after iv administration,A,BAO_0000218,organism-based format,Homo sapiens,None,None,None,None,,,,CHEMBL612558,ADMET,,ADMET,CHEMBL1614632,1,Scientific Literature,Drug Metab Dispos,2008,None,,,,1.1
CHEMBL17377,FOSTRIECIN,2,430.39,0,1.06,Fostriecin,C[C@@](O)(/C=C/[C@H]1CC=CC(=O)O1)[C@@H](C[C@@H](O)/C=C\C=C/C=C/CO)OP(=O)(O)O,CL,'=',1.2,mL.min-1.kg-1,,,,,,,,,0,CHEMBL1614671,Clearance in human after iv administration,A,BAO_0000218,organism-based format,Homo sapiens,None,None,None,None,,,,CHEMBL612558,ADMET,,ADMET,CHEMBL1614632,1,Scientific Literature,Drug Metab Dispos,2008,None,,,,1.2
CHEMBL559288,PIRITRAMIDE,3,430.6,0,3.69,Piritramide,N#CC(CCN1CCC(C(N)=O)(N2CCCCC2)CC1)(c1ccccc1)c1ccccc1,CL,'=',7.8,mL.min-1.kg-1,,,,,,,,,0,CHEMBL1614671,Clearance in human after iv administration,A,BAO_0000218,organism-based format,Homo sapiens,None,None,None,None,,,,CHEMBL612558,ADMET,,ADMET,CHEMBL1614632,1,Scientific Literature,Drug Metab Dispos,2008,None,,,,7.8
CHEMBL415,CLOMIPRAMINE,4,314.86,0,4.53,Clomipramine,CN(C)CCCN1c2ccccc2CCc2ccc(Cl)cc21,CL,'=',8.2,mL.min-1.kg-1,,,,,,,,,0,CHEMBL1614671,Clearance in human after iv administration,A,BAO_0000218,organism-based format,Homo sapiens,None,None,None,None,,,,CHEMBL612558,ADMET,,ADMET,CHEMBL1614632,1,Scientific Literature,Drug Metab Dispos,2008,None,,,,8.2
CHEMBL517712,ATROPINE,4,289.38,0,1.93,Atropine,CN1[C@@H]2CC[C@H]1C[C@@H](OC(=O)C(CO)c1ccccc1)C2,CL,'=',7.6,mL.min-1.kg-1,,,,,,,,,0,CHEMBL1614671,Clearance in human after iv administration,A,BAO_0000218,organism-based format,Homo sapiens,None,None,None,None,,,,CHEMBL612558,ADMET,,ADMET,CHEMBL1614632,1,Scientific Literature,Drug Metab Dispos,2008,None,,,,7.6
CHEMBL30,CIMETIDINE,4,252.35,0,0.6,Cimetidine,CN/C(=N\CCSCc1nc[nH]c1C)NC#N,CL,'=',8.1,mL.min-1.kg-1,,,,,,,,,0,CHEMBL1614671,Clearance in human after iv administration,A,BAO_0000218,organism-based format,Homo sapiens,None,None,None,None,,,,CHEMBL612558,ADMET,,ADMET,CHEMBL1614632,1,Scientific Literature,Drug Metab Dispos,2008,None,,,,8.1
CHEMBL1017,TELMISARTAN,4,514.63,2,7.26,Telmisartan,CCCc1nc2c(C)cc(-c3nc4ccccc4n3C)cc2n1Cc1ccc(-c2ccccc2C(=O)O)cc1,CL,'=',8.4,mL.min-1.kg-1,,,,,,,,,0,CHEMBL1614671,Clearance in human after iv administration,A,BAO_0000218,organism-based format,Homo sapiens,None,None,None,None,,,,CHEMBL612558,ADMET,,ADMET,CHEMBL1614632,1,Scientific Literature,Drug Metab Dispos,2008,None,,,,8.4
CHEMBL499,TIMOLOL,4,316.43,0,0.5,Timolol,CC(C)(C)NC[C@H](O)COc1nsnc1N1CCOCC1,CL,'=',8.5,mL.min-1.kg-1,,,,,,,,,0,CHEMBL1614671,Clearance in human after iv administration,A,BAO_0000218,organism-based format,Homo sapiens,None,None,None,None,,,,CHEMBL612558,ADMET,,ADMET,CHEMBL1614632,1,Scientific Literature,Drug Metab Dispos,2008,None,,,,8.5
CHEMBL895,NALBUPHINE,4,357.45,0,1.71,Nalbuphine,Oc1ccc2c3c1O[C@H]1[C@@H](O)CC[C@@]4(O)[C@@H](C2)N(CC2CCC2)CC[C@]314,CL,'=',22,mL.min-1.kg-1,,,,,,,,,0,CHEMBL1614671,Clearance in human after iv administration,A,BAO_0000218,organism-based format,Homo sapiens,None,None,None,None,,,,CHEMBL612558,ADMET,,ADMET,CHEMBL1614632,1,Scientific Literature,Drug Metab Dispos,2008,None,,,,22
CHEMBL429,LABETALOL,4,328.41,0,2.14,labetalol,CC(CCc1ccccc1)NCC(O)c1ccc(O)c(C(N)=O)c1,CL,'=',23,mL.min-1.kg-1,,,,,,,,,0,CHEMBL1614671,Clearance in human after iv administration,A,BAO_0000218,organism-based format,Homo sapiens,None,None,None,None,,,,CHEMBL612558,ADMET,,ADMET,CHEMBL1614632,1,Scientific Literature,Drug Metab Dispos,2008,None,,,,23
CHEMBL475534,NITRENDIPINE,3,360.37,0,2.57,Nitrendipine,CCOC(=O)C1=C(C)NC(C)=C(C(=O)OC)C1c1cccc([N+](=O)[O-])c1,CL,'=',25,mL.min-1.kg-1,,,,,,,,,0,CHEMBL1614671,Clearance in human after iv administration,A,BAO_0000218,organism-based format,Homo sapiens,None,None,None,None,,,,CHEMBL612558,ADMET,,ADMET,CHEMBL1614632,1,Scientific Literature,Drug Metab Dispos,2008,None,,,,25
CHEMBL17350,TRAXOPRODIL,2,327.42,0,2.8,Traxoprodil,C[C@@H]([C@@H](O)c1ccc(O)cc1)N1CCC(O)(c2ccccc2)CC1,CL,'=',27,mL.min-1.kg-1,,,,,,,,,0,CHEMBL1614671,Clearance in human after iv administration,A,BAO_0000218,organism-based format,Homo sapiens,None,None,None,None,,,,CHEMBL612558,ADMET,,ADMET,CHEMBL1614632,1,Scientific Literature,Drug Metab Dispos,2008,None,,,,27
CHEMBL314437,MEPTAZINOL,4,233.35,0,3.16,Meptazinol,CCC1(c2cccc(O)c2)CCCCN(C)C1,CL,'=',28,mL.min-1.kg-1,,,,,,,,,0,CHEMBL1614671,Clearance in human after iv administration,A,BAO_0000218,organism-based format,Homo sapiens,None,None,None,None,,,,CHEMBL612558,ADMET,,ADMET,CHEMBL1614632,1,Scientific Literature,Drug Metab Dispos,2008,None,,,,28
CHEMBL370805,COCAINE,4,303.36,0,1.87,Cocaine,COC(=O)[C@H]1[C@@H](OC(=O)c2ccccc2)C[C@@H]2CC[C@H]1N2C,CL,'=',32,mL.min-1.kg-1,,,,,,,,,0,CHEMBL1614671,Clearance in human after iv administration,A,BAO_0000218,organism-based format,Homo sapiens,None,None,None,None,,,,CHEMBL612558,ADMET,,ADMET,CHEMBL1614632,1,Scientific Literature,Drug Metab Dispos,2008,None,,,,32
CHEMBL623,NEFAZODONE,4,470.02,0,3.55,Nefazodone,CCc1nn(CCCN2CCN(c3cccc(Cl)c3)CC2)c(=O)n1CCOc1ccccc1,CL,'=',7.5,mL.min-1.kg-1,,,,,,,,,0,CHEMBL1614671,Clearance in human after iv administration,A,BAO_0000218,organism-based format,Homo sapiens,None,None,None,None,,,,CHEMBL612558,ADMET,,ADMET,CHEMBL1614632,1,Scientific Literature,Drug Metab Dispos,2008,None,,,,7.5
CHEMBL1503,OMEPRAZOLE,4,345.42,0,2.9,OMEPRAZOLE,COc1ccc2[nH]c([S+]([O-])Cc3ncc(C)c(OC)c3C)nc2c1,CL,'=',8.4,mL.min-1.kg-1,,,,,,,,,0,CHEMBL1614671,Clearance in human after iv administration,A,BAO_0000218,organism-based format,Homo sapiens,None,None,None,None,,,,CHEMBL612558,ADMET,,ADMET,CHEMBL1614632,1,Scientific Literature,Drug Metab Dispos,2008,None,,,,8.4
CHEMBL1505,ALMOTRIPTAN,4,335.47,0,2.2,Almotriptan,CN(C)CCc1c[nH]c2ccc(CS(=O)(=O)N3CCCC3)cc12,CL,'=',8.9,mL.min-1.kg-1,,,,,,,,,0,CHEMBL1614671,Clearance in human after iv administration,A,BAO_0000218,organism-based format,Homo sapiens,None,None,None,None,,,,CHEMBL612558,ADMET,,ADMET,CHEMBL1614632,1,Scientific Literature,Drug Metab Dispos,2008,None,,,,8.9
CHEMBL152067,TALINOLOL,2,363.5,0,3.27,Talinolol,CC(C)(C)NCC(O)COc1ccc(NC(=O)NC2CCCCC2)cc1,CL,'=',4.9,mL.min-1.kg-1,,,,,,,,,0,CHEMBL1614671,Clearance in human after iv administration,A,BAO_0000218,organism-based format,Homo sapiens,None,None,None,None,,,,CHEMBL612558,ADMET,,ADMET,CHEMBL1614632,1,Scientific Literature,Drug Metab Dispos,2008,None,,,,4.9
CHEMBL1510,ELETRIPTAN,4,382.53,0,3.82,Eletriptan,CN1CCC[C@@H]1Cc1c[nH]c2ccc(CCS(=O)(=O)c3ccccc3)cc12,CL,'=',5.3,mL.min-1.kg-1,,,,,,,,,0,CHEMBL1614671,Clearance in human after iv administration,A,BAO_0000218,organism-based format,Homo sapiens,None,None,None,None,,,,CHEMBL612558,ADMET,,ADMET,CHEMBL1614632,1,Scientific Literature,Drug Metab Dispos,2008,None,,,,5.3
CHEMBL655,MIDAZOLAM,4,325.77,0,4.32,Midazolam,Cc1ncc2n1-c1ccc(Cl)cc1C(c1ccccc1F)=NC2,CL,'=',5.3,mL.min-1.kg-1,,,,,,,,,0,CHEMBL1614671,Clearance in human after iv administration,A,BAO_0000218,organism-based format,Homo sapiens,None,None,None,None,,,,CHEMBL612558,ADMET,,ADMET,CHEMBL1614632,1,Scientific Literature,Drug Metab Dispos,2008,None,,,,5.3
CHEMBL1422,SITAGLIPTIN,4,407.32,0,2.02,Sitagliptin,N[C@@H](CC(=O)N1CCn2c(nnc2C(F)(F)F)C1)Cc1cc(F)c(F)cc1F,CL,'=',6,mL.min-1.kg-1,,,,,,,,,0,CHEMBL1614671,Clearance in human after iv administration,A,BAO_0000218,organism-based format,Homo sapiens,None,None,None,None,,,,CHEMBL612558,ADMET,,ADMET,CHEMBL1614632,1,Scientific Literature,Drug Metab Dispos,2008,None,,,,6
CHEMBL539216,UK-240455,None,368.2,0,0.28,UK-240455,CS(=O)(=O)N(CCO)c1c(Cl)c(Cl)cc2[nH]c(=O)c(=O)[nH]c12,CL,'=',6,mL.min-1.kg-1,,,,,,,,,0,CHEMBL1614671,Clearance in human after iv administration,A,BAO_0000218,organism-based format,Homo sapiens,None,None,None,None,,,,CHEMBL612558,ADMET,,ADMET,CHEMBL1614632,1,Scientific Literature,Drug Metab Dispos,2008,None,,,,6
CHEMBL902,FAMOTIDINE,4,337.46,0,-0.77,Famotidine,NC(N)=Nc1nc(CSCC/C(N)=N/S(N)(=O)=O)cs1,CL,'=',6.6,mL.min-1.kg-1,,,,,,,,,0,CHEMBL1614671,Clearance in human after iv administration,A,BAO_0000218,organism-based format,Homo sapiens,None,None,None,None,,,,CHEMBL612558,ADMET,,ADMET,CHEMBL1614632,1,Scientific Literature,Drug Metab Dispos,2008,None,,,,6.6
CHEMBL852,MELPHALAN,4,305.21,0,1.93,Melphalan,N[C@@H](Cc1ccc(N(CCCl)CCCl)cc1)C(=O)O,CL,'=',7,mL.min-1.kg-1,,,,,,,,,0,CHEMBL1614671,Clearance in human after iv administration,A,BAO_0000218,organism-based format,Homo sapiens,None,None,None,None,,,,CHEMBL612558,ADMET,,ADMET,CHEMBL1614632,1,Scientific Literature,Drug Metab Dispos,2008,None,,,,7
CHEMBL129,ZIDOVUDINE,4,267.24,0,-0.2,Zidovudine,Cc1cn([C@H]2C[C@H](N=[N+]=[N-])[C@@H](CO)O2)c(=O)[nH]c1=O,CL,'=',25,mL.min-1.kg-1,,,,,,,,,0,CHEMBL1614671,Clearance in human after iv administration,A,BAO_0000218,organism-based format,Homo sapiens,None,None,None,None,,,,CHEMBL612558,ADMET,,ADMET,CHEMBL1614632,1,Scientific Literature,Drug Metab Dispos,2008,None,,,,25
CHEMBL219916,DOMPERIDONE,4,425.92,0,3.35,Domperidone,O=c1[nH]c2ccccc2n1CCCN1CCC(n2c(=O)[nH]c3cc(Cl)ccc32)CC1,CL,'=',9.5,mL.min-1.kg-1,,,,,,,,,0,CHEMBL1614671,Clearance in human after iv administration,A,BAO_0000218,organism-based format,Homo sapiens,None,None,None,None,,,,CHEMBL612558,ADMET,,ADMET,CHEMBL1614632,1,Scientific Literature,Drug Metab Dispos,2008,None,,,,9.5
CHEMBL1115,PYRIDOSTIGMINE,4,181.22,0,0.57,Pyridostigmine,CN(C)C(=O)Oc1ccc[n+](C)c1,CL,'=',9.6,mL.min-1.kg-1,,,,,,,,,0,CHEMBL1614671,Clearance in human after iv administration,A,BAO_0000218,organism-based format,Homo sapiens,None,None,None,None,,,,CHEMBL612558,ADMET,,ADMET,CHEMBL1614632,1,Scientific Literature,Drug Metab Dispos,2008,None,,,,9.6
CHEMBL405,AMPHETAMINE,4,135.21,0,1.58,Amphetamine,CC(N)Cc1ccccc1,CL,'=',9.7,mL.min-1.kg-1,,,,,,,,,0,CHEMBL1614671,Clearance in human after iv administration,A,BAO_0000218,organism-based format,Homo sapiens,None,None,None,None,,,,CHEMBL612558,ADMET,,ADMET,CHEMBL1614632,1,Scientific Literature,Drug Metab Dispos,2008,None,,,,9.7
CHEMBL3183075,NIZATIDINE,4,331.47,0,1.32,Nizatidine,CNC(=C[N+](=O)[O-])NCCSCc1csc(CN(C)C)n1,CL,'=',9.8,mL.min-1.kg-1,,,,,,,,,0,CHEMBL1614671,Clearance in human after iv administration,A,BAO_0000218,organism-based format,Homo sapiens,None,None,None,None,,,,CHEMBL612558,ADMET,,ADMET,CHEMBL1614632,1,Scientific Literature,Drug Metab Dispos,2008,None,,,,9.8
CHEMBL86304,MOCLOBEMIDE,4,268.74,0,1.4,Moclobemide,O=C(NCCN1CCOCC1)c1ccc(Cl)cc1,CL,'=',10,mL.min-1.kg-1,,,,,,,,,0,CHEMBL1614671,Clearance in human after iv administration,A,BAO_0000218,organism-based format,Homo sapiens,None,None,None,None,,,,CHEMBL612558,ADMET,,ADMET,CHEMBL1614632,1,Scientific Literature,Drug Metab Dispos,2008,None,,,,10
CHEMBL636,RIVASTIGMINE,4,250.34,0,2.76,Rivastigmine,CCN(C)C(=O)Oc1cccc([C@H](C)N(C)C)c1,CL,'=',12,mL.min-1.kg-1,,,,,,,,,0,CHEMBL1614671,Clearance in human after iv administration,A,BAO_0000218,organism-based format,Homo sapiens,None,None,None,None,,,,CHEMBL612558,ADMET,,ADMET,CHEMBL1614632,1,Scientific Literature,Drug Metab Dispos,2008,None,,,,12
CHEMBL1628227,DOXEPIN,4,279.38,0,3.96,doxepin,CN(C)CCC=C1c2ccccc2COc2ccccc21,CL,'=',14,mL.min-1.kg-1,,,,,,,,,0,CHEMBL1614671,Clearance in human after iv administration,A,BAO_0000218,organism-based format,Homo sapiens,None,None,None,None,,,,CHEMBL612558,ADMET,,ADMET,CHEMBL1614632,1,Scientific Literature,Drug Metab Dispos,2008,None,,,,14
CHEMBL21731,MAPROTILINE,4,277.41,0,4.21,Maprotiline,CNCCCC12CCC(c3ccccc31)c1ccccc12,CL,'=',14,mL.min-1.kg-1,,,,,,,,,0,CHEMBL1614671,Clearance in human after iv administration,A,BAO_0000218,organism-based format,Homo sapiens,None,None,None,None,,,,CHEMBL612558,ADMET,,ADMET,CHEMBL1614632,1,Scientific Literature,Drug Metab Dispos,2008,None,,,,14
CHEMBL1428,NIMODIPINE,4,418.45,0,2.97,Nimodipine,COCCOC(=O)C1=C(C)NC(C)=C(C(=O)OC(C)C)C1c1cccc([N+](=O)[O-])c1,CL,'=',15,mL.min-1.kg-1,,,,,,,,,0,CHEMBL1614671,Clearance in human after iv administration,A,BAO_0000218,organism-based format,Homo sapiens,None,None,None,None,,,,CHEMBL612558,ADMET,,ADMET,CHEMBL1614632,1,Scientific Literature,Drug Metab Dispos,2008,None,,,,15
CHEMBL658,SUFENTANIL,4,386.56,0,4.21,Sufentanil,CCC(=O)N(c1ccccc1)C1(COC)CCN(CCc2cccs2)CC1,CL,'=',15,mL.min-1.kg-1,,,,,,,,,0,CHEMBL1614671,Clearance in human after iv administration,A,BAO_0000218,organism-based format,Homo sapiens,None,None,None,None,,,,CHEMBL612558,ADMET,,ADMET,CHEMBL1614632,1,Scientific Literature,Drug Metab Dispos,2008,None,,,,15
CHEMBL87543,LORCAINIDE,2,370.92,0,4.79,Lorcainide,CC(C)N1CCC(N(C(=O)Cc2ccccc2)c2ccc(Cl)cc2)CC1,CL,'=',16,mL.min-1.kg-1,,,,,,,,,0,CHEMBL1614671,Clearance in human after iv administration,A,BAO_0000218,organism-based format,Homo sapiens,None,None,None,None,,,,CHEMBL612558,ADMET,,ADMET,CHEMBL1614632,1,Scientific Literature,Drug Metab Dispos,2008,None,,,,16
CHEMBL631,PROPAFENONE,4,341.45,0,3.24,Propafenone,CCCNCC(O)COc1ccccc1C(=O)CCc1ccccc1,CL,'=',16,mL.min-1.kg-1,,,,,,,,,0,CHEMBL1614671,Clearance in human after iv administration,A,BAO_0000218,organism-based format,Homo sapiens,None,None,None,None,,,,CHEMBL612558,ADMET,,ADMET,CHEMBL1614632,1,Scientific Literature,Drug Metab Dispos,2008,None,,,,16
CHEMBL2220384,TILIDINE,2,273.38,0,2.77,Tilidine,CCOC(=O)C1(c2ccccc2)CCC=CC1N(C)C,CL,'=',16,mL.min-1.kg-1,,,,,,,,,0,CHEMBL1614671,Clearance in human after iv administration,A,BAO_0000218,organism-based format,Homo sapiens,None,None,None,None,,,,CHEMBL612558,ADMET,,ADMET,CHEMBL1614632,1,Scientific Literature,Drug Metab Dispos,2008,None,,,,16
CHEMBL2103780,,None,322.84,0,2.38,Bisaramil,CCN1C[C@H]2CN(C)C[C@H](C1)C2OC(=O)c1ccc(Cl)cc1,CL,'=',17,mL.min-1.kg-1,,,,,,,,,0,CHEMBL1614671,Clearance in human after iv administration,A,BAO_0000218,organism-based format,Homo sapiens,None,None,None,None,,,,CHEMBL612558,ADMET,,ADMET,CHEMBL1614632,1,Scientific Literature,Drug Metab Dispos,2008,None,,,,17
CHEMBL316157,CEPHALORIDINE,4,415.5,0,-0.32,Cephaloridine,O=C(Cc1cccs1)N[C@@H]1C(=O)N2C(C(=O)[O-])=C(C[n+]3ccccc3)CS[C@H]12,CL,'=',3.3,mL.min-1.kg-1,,,,,,,,,0,CHEMBL1614671,Clearance in human after iv administration,A,BAO_0000218,organism-based format,Homo sapiens,None,None,None,None,,,,CHEMBL612558,ADMET,,ADMET,CHEMBL1614632,1,Scientific Literature,Drug Metab Dispos,2008,None,,,,3.3
CHEMBL634,ALFENTANIL,4,416.53,0,1.38,Alfentanil,CCC(=O)N(c1ccccc1)C1(COC)CCN(CCn2nnn(CC)c2=O)CC1,CL,'=',3.9,mL.min-1.kg-1,,,,,,,,,0,CHEMBL1614671,Clearance in human after iv administration,A,BAO_0000218,organism-based format,Homo sapiens,None,None,None,None,,,,CHEMBL612558,ADMET,,ADMET,CHEMBL1614632,1,Scientific Literature,Drug Metab Dispos,2008,None,,,,3.9
CHEMBL1727,CEPHALEXIN ANHYDROUS,4,347.4,0,0.44,Cephalexin,CC1=C(C(=O)O)N2C(=O)[C@@H](NC(=O)[C@H](N)c3ccccc3)[C@H]2SC1,CL,'=',3.9,mL.min-1.kg-1,,,,,,,,,0,CHEMBL1614671,Clearance in human after iv administration,A,BAO_0000218,organism-based format,Homo sapiens,None,None,None,None,,,,CHEMBL612558,ADMET,,ADMET,CHEMBL1614632,1,Scientific Literature,Drug Metab Dispos,2008,None,,,,3.9
CHEMBL184,ACYCLOVIR,4,225.21,0,-1.33,Acyclovir,Nc1nc2c(ncn2COCCO)c(=O)[nH]1,CL,'=',4.7,mL.min-1.kg-1,,,,,,,,,0,CHEMBL1614671,Clearance in human after iv administration,A,BAO_0000218,organism-based format,Homo sapiens,None,None,None,None,,,,CHEMBL612558,ADMET,,ADMET,CHEMBL1614632,1,Scientific Literature,Drug Metab Dispos,2008,None,,,,4.7
CHEMBL290194,ALIZAPRIDE,3,315.38,0,1.35,Alizapride,C=CCN1CCCC1CNC(=O)c1cc2nn[nH]c2cc1OC,CL,'=',6.6,mL.min-1.kg-1,,,,,,,,,0,CHEMBL1614671,Clearance in human after iv administration,A,BAO_0000218,organism-based format,Homo sapiens,None,None,None,None,,,,CHEMBL612558,ADMET,,ADMET,CHEMBL1614632,1,Scientific Literature,Drug Metab Dispos,2008,None,,,,6.6
CHEMBL1146,CEFAMANDOLE,4,462.51,0,-0.23,FAM,Cn1nnnc1SCC1=C(C(=O)O)N2C(=O)[C@@H](NC(=O)[C@H](O)c3ccccc3)[C@H]2SC1,CL,'=',3.6,mL.min-1.kg-1,,,,,,,,,0,CHEMBL1614671,Clearance in human after iv administration,A,BAO_0000218,organism-based format,Homo sapiens,None,None,None,None,,,,CHEMBL612558,ADMET,,ADMET,CHEMBL1614632,1,Scientific Literature,Drug Metab Dispos,2008,None,,,,3.6
CHEMBL1201195,CEFMETAZOLE,4,471.55,1,-0.73,Cefmetazole,CO[C@@]1(NC(=O)CSCC#N)C(=O)N2C(C(=O)O)=C(CSc3nnnn3C)CS[C@@H]21,CL,'=',1.5,mL.min-1.kg-1,,,,,,,,,0,CHEMBL1614671,Clearance in human after iv administration,A,BAO_0000218,organism-based format,Homo sapiens,None,None,None,None,,,,CHEMBL612558,ADMET,,ADMET,CHEMBL1614632,1,Scientific Literature,Drug Metab Dispos,2008,None,,,,1.5
CHEMBL221572,RIBOSTAMYCIN,2,454.48,2,-6.65,Ribostamycin,NC[C@H]1O[C@H](O[C@H]2[C@H](O[C@@H]3O[C@H](CO)[C@@H](O)[C@H]3O)[C@@H](O)[C@H](N)C[C@@H]2N)[C@H](N)[C@@H](O)[C@@H]1O,CL,'=',1.5,mL.min-1.kg-1,,,,,,,,,0,CHEMBL1614671,Clearance in human after iv administration,A,BAO_0000218,organism-based format,Homo sapiens,None,None,None,None,,,,CHEMBL612558,ADMET,,ADMET,CHEMBL1614632,1,Scientific Literature,Drug Metab Dispos,2008,None,,,,1.5
CHEMBL474579,CEFOTETAN,4,575.63,2,-1.4,Cefotetan,CO[C@@]1(NC(=O)C2SC(=C(C(N)=O)C(=O)O)S2)C(=O)N2C(C(=O)O)=C(CSc3nnnn3C)CS[C@@H]21,CL,'=',0.42,mL.min-1.kg-1,,,,,,,,,0,CHEMBL1614671,Clearance in human after iv administration,A,BAO_0000218,organism-based format,Homo sapiens,None,None,None,None,,,,CHEMBL612558,ADMET,,ADMET,CHEMBL1614632,1,Scientific Literature,Drug Metab Dispos,2008,None,,,,0.42
CHEMBL1572,NETILMICIN,4,475.59,2,-3.2,Netilmicin,CCN[C@@H]1C[C@H](N)[C@@H](O[C@H]2OC(CN)=CC[C@H]2N)[C@H](O)[C@H]1O[C@H]1OC[C@](C)(O)[C@H](NC)[C@H]1O,CL,'=',0.55,mL.min-1.kg-1,,,,,,,,,0,CHEMBL1614671,Clearance in human after iv administration,A,BAO_0000218,organism-based format,Homo sapiens,None,None,None,None,,,,CHEMBL612558,ADMET,,ADMET,CHEMBL1614632,1,Scientific Literature,Drug Metab Dispos,2008,None,,,,0.55
CHEMBL188185,BUNAZOSIN,3,373.46,0,2.07,Bunazosin,CCCC(=O)N1CCCN(c2nc(N)c3cc(OC)c(OC)cc3n2)CC1,CL,'=',4.8,mL.min-1.kg-1,,,,,,,,,0,CHEMBL1614671,Clearance in human after iv administration,A,BAO_0000218,organism-based format,Homo sapiens,None,None,None,None,,,,CHEMBL612558,ADMET,,ADMET,CHEMBL1614632,1,Scientific Literature,Drug Metab Dispos,2008,None,,,,4.8
CHEMBL1752,DYPHYLLINE,4,254.25,0,-2.21,Diprophylline,Cn1c(=O)c2c(ncn2CC(O)CO)n(C)c1=O,CL,'=',4.8,mL.min-1.kg-1,,,,,,,,,0,CHEMBL1614671,Clearance in human after iv administration,A,BAO_0000218,organism-based format,Homo sapiens,None,None,None,None,,,,CHEMBL612558,ADMET,,ADMET,CHEMBL1614632,1,Scientific Literature,Drug Metab Dispos,2008,None,,,,4.8
CHEMBL1182833,MIVACURIUM,4,1029.28,None,None,Mivacurium,COc1cc2c(cc1OC)[C@@H](Cc1cc(OC)c(OC)c(OC)c1)[N+](C)(CCCOC(=O)CC/C=C/CCC(=O)OCCC[N+]1(C)CCc3cc(OC)c(OC)cc3[C@H]1Cc1cc(OC)c(OC)c(OC)c1)CC2,CL,'=',5.2,mL.min-1.kg-1,,,,,,,,,0,CHEMBL1614671,Clearance in human after iv administration,A,BAO_0000218,organism-based format,Homo sapiens,None,None,None,None,,,,CHEMBL612558,ADMET,,ADMET,CHEMBL1614632,1,Scientific Literature,Drug Metab Dispos,2008,None,,,,5.2
CHEMBL1077896,ROPIVACAINE,4,274.41,0,3.51,Ropivacaine,CCCN1CCCC[C@H]1C(=O)Nc1c(C)cccc1C,CL,'=',5.5,mL.min-1.kg-1,,,,,,,,,0,CHEMBL1614671,Clearance in human after iv administration,A,BAO_0000218,organism-based format,Homo sapiens,None,None,None,None,,,,CHEMBL612558,ADMET,,ADMET,CHEMBL1614632,1,Scientific Literature,Drug Metab Dispos,2008,None,,,,5.5
CHEMBL532,ERYTHROMYCIN,4,733.94,2,1.79,Erythromycin,CC[C@H]1OC(=O)[C@H](C)[C@@H](O[C@H]2C[C@@](C)(OC)[C@@H](O)[C@H](C)O2)[C@H](C)[C@@H](O[C@@H]2O[C@H](C)C[C@H](N(C)C)[C@H]2O)[C@](C)(O)C[C@@H](C)C(=O)[C@H](C)[C@@H](O)[C@]1(C)O,CL,'=',5.6,mL.min-1.kg-1,,,,,,,,,0,CHEMBL1614671,Clearance in human after iv administration,A,BAO_0000218,organism-based format,Homo sapiens,None,None,None,None,,,,CHEMBL612558,ADMET,,ADMET,CHEMBL1614632,1,Scientific Literature,Drug Metab Dispos,2008,None,,,,5.6
CHEMBL1201129,DECITABINE,4,228.21,0,-2.14,Decitabine,Nc1ncn([C@H]2C[C@H](O)[C@@H](CO)O2)c(=O)n1,CL,'=',130,mL.min-1.kg-1,,,,,,,,,0,CHEMBL1614671,Clearance in human after iv administration,A,BAO_0000218,organism-based format,Homo sapiens,None,None,None,None,,,,CHEMBL612558,ADMET,,ADMET,CHEMBL1614632,1,Scientific Literature,Drug Metab Dispos,2008,None,,,,130
CHEMBL578211,COTININE,2,176.22,0,1.37,Cotinine,CN1C(=O)CC[C@H]1c1cccnc1,CL,'=',0.89,mL.min-1.kg-1,,,,,,,,,0,CHEMBL1614671,Clearance in human after iv administration,A,BAO_0000218,organism-based format,Homo sapiens,None,None,None,None,,,,CHEMBL612558,ADMET,,ADMET,CHEMBL1614632,1,Scientific Literature,Drug Metab Dispos,2008,None,,,,0.89
CHEMBL1464,WARFARIN,4,308.33,0,3.61,Warfarin,CC(=O)CC(c1ccccc1)c1c(O)c2ccccc2oc1=O,CL,'=',0.055,mL.min-1.kg-1,,,,,,,,,0,CHEMBL1614671,Clearance in human after iv administration,A,BAO_0000218,organism-based format,Homo sapiens,None,None,None,None,,,,CHEMBL612558,ADMET,,ADMET,CHEMBL1614632,1,Scientific Literature,Drug Metab Dispos,2008,None,,,,0.055
CHEMBL507674,CEFOPERAZONE,4,645.68,2,-1.11,Cefoperazone,CCN1CCN(C(=O)N[C@@H](C(=O)N[C@@H]2C(=O)N3C(C(=O)O)=C(CSc4nnnn4C)CS[C@H]23)c2ccc(O)cc2)C(=O)C1=O,CL,'=',1.3,mL.min-1.kg-1,,,,,,,,,0,CHEMBL1614671,Clearance in human after iv administration,A,BAO_0000218,organism-based format,Homo sapiens,None,None,None,None,,,,CHEMBL612558,ADMET,,ADMET,CHEMBL1614632,1,Scientific Literature,Drug Metab Dispos,2008,None,,,,1.3
CHEMBL1200932,IOPAMIDOL,4,777.09,2,-1.01,Iopamidol,C[C@H](O)C(=O)Nc1c(I)c(C(=O)NC(CO)CO)c(I)c(C(=O)NC(CO)CO)c1I,CL,'=',1.9,mL.min-1.kg-1,,,,,,,,,0,CHEMBL1614671,Clearance in human after iv administration,A,BAO_0000218,organism-based format,Homo sapiens,None,None,None,None,,,,CHEMBL612558,ADMET,,ADMET,CHEMBL1614632,1,Scientific Literature,Drug Metab Dispos,2008,None,,,,1.9
CHEMBL1324,TOLCAPONE,4,273.24,0,2.55,Tolcapone,Cc1ccc(C(=O)c2cc(O)c(O)c([N+](=O)[O-])c2)cc1,CL,'=',1.9,mL.min-1.kg-1,,,,,,,,,0,CHEMBL1614671,Clearance in human after iv administration,A,BAO_0000218,organism-based format,Homo sapiens,None,None,None,None,,,,CHEMBL612558,ADMET,,ADMET,CHEMBL1614632,1,Scientific Literature,Drug Metab Dispos,2008,None,,,,1.9
CHEMBL893,DICLOXACILLIN,4,470.33,0,3.2,Dicloxacillin,Cc1onc(-c2c(Cl)cccc2Cl)c1C(=O)N[C@@H]1C(=O)N2[C@@H]1SC(C)(C)[C@@H]2C(=O)O,CL,'=',2,mL.min-1.kg-1,,,,,,,,,0,CHEMBL1614671,Clearance in human after iv administration,A,BAO_0000218,organism-based format,Homo sapiens,None,None,None,None,,,,CHEMBL612558,ADMET,,ADMET,CHEMBL1614632,1,Scientific Literature,Drug Metab Dispos,2008,None,,,,2
CHEMBL707,DOXAZOSIN,4,451.48,0,1.72,1b,COc1cc2nc(N3CCN(C(=O)C4COc5ccccc5O4)CC3)nc(N)c2cc1OC,CL,'=',1.6,mL.min-1.kg-1,,,,,,,,,0,CHEMBL1614671,Clearance in human after iv administration,A,BAO_0000218,organism-based format,Homo sapiens,None,None,None,None,,,,CHEMBL612558,ADMET,,ADMET,CHEMBL1614632,1,Scientific Literature,Drug Metab Dispos,2008,None,,,,1.6
CHEMBL1517,OXYTETRACYCLINE,4,460.44,1,-1.24,Oxytetracycline,CN(C)[C@@H]1C(O)=C(C(N)=O)C(=O)[C@@]2(O)C(O)=C3C(=O)c4c(O)cccc4[C@@](C)(O)[C@H]3[C@H](O)[C@@H]12,CL,'=',2,mL.min-1.kg-1,,,,,,,,,0,CHEMBL1614671,Clearance in human after iv administration,A,BAO_0000218,organism-based format,Homo sapiens,None,None,None,None,,,,CHEMBL612558,ADMET,,ADMET,CHEMBL1614632,1,Scientific Literature,Drug Metab Dispos,2008,None,,,,2
CHEMBL1614650,EXATECAN,3,435.46,0,2.47,Exatecan,CC[C@@]1(O)C(=O)OCc2c1cc1n(c2=O)Cc2c-1nc1cc(F)c(C)c3c1c2[C@@H](N)CC3,CL,'=',0.96,mL.min-1.kg-1,,,,,,,,,0,CHEMBL1614671,Clearance in human after iv administration,A,BAO_0000218,organism-based format,Homo sapiens,None,None,None,None,,,,CHEMBL612558,ADMET,,ADMET,CHEMBL1614632,1,Scientific Literature,Drug Metab Dispos,2008,None,,,,0.96
CHEMBL1057,FLUORESCEIN,4,332.31,0,3.67,Fluorescein,O=C1OC2(c3ccc(O)cc3Oc3cc(O)ccc32)c2ccccc21,CL,'=',1.3,mL.min-1.kg-1,,,,,,,,,0,CHEMBL1614671,Clearance in human after iv administration,A,BAO_0000218,organism-based format,Homo sapiens,None,None,None,None,,,,CHEMBL612558,ADMET,,ADMET,CHEMBL1614632,1,Scientific Literature,Drug Metab Dispos,2008,None,,,,1.3
CHEMBL106,FLUCONAZOLE,4,306.28,0,0.74,Fluconazole,OC(Cn1cncn1)(Cn1cncn1)c1ccc(F)cc1F,CL,'=',0.31,mL.min-1.kg-1,,,,,,,,,0,CHEMBL1614671,Clearance in human after iv administration,A,BAO_0000218,organism-based format,Homo sapiens,None,None,None,None,,,,CHEMBL612558,ADMET,,ADMET,CHEMBL1614632,1,Scientific Literature,Drug Metab Dispos,2008,None,,,,0.31
CHEMBL469,KETOROLAC,4,255.27,0,2.29,Ketorolac,O=C(c1ccccc1)c1ccc2n1CCC2C(=O)O,CL,'=',0.35,mL.min-1.kg-1,,,,,,,,,0,CHEMBL1614671,Clearance in human after iv administration,A,BAO_0000218,organism-based format,Homo sapiens,None,None,None,None,,,,CHEMBL612558,ADMET,,ADMET,CHEMBL1614632,1,Scientific Literature,Drug Metab Dispos,2008,None,,,,0.35
CHEMBL1741,CLARITHROMYCIN,4,747.96,2,2.44,Clarithromycin,CC[C@H]1OC(=O)[C@H](C)[C@@H](O[C@H]2C[C@@](C)(OC)[C@@H](O)[C@H](C)O2)[C@H](C)[C@@H](O[C@@H]2O[C@H](C)C[C@H](N(C)C)[C@H]2O)[C@](C)(OC)C[C@@H](C)C(=O)[C@H](C)[C@@H](O)[C@]1(C)O,CL,'=',7.3,mL.min-1.kg-1,,,,,,,,,0,CHEMBL1614671,Clearance in human after iv administration,A,BAO_0000218,organism-based format,Homo sapiens,None,None,None,None,,,,CHEMBL612558,ADMET,,ADMET,CHEMBL1614632,1,Scientific Literature,Drug Metab Dispos,2008,None,,,,7.3
CHEMBL1614648,,None,376.47,0,3.09,Ethinylestradiol-3-Sulfate,C#C[C@]1(O)CC[C@H]2[C@@H]3CCc4cc(OS(=O)(=O)O)ccc4[C@H]3CC[C@@]21C,CL,'=',4.7,mL.min-1.kg-1,,,,,,,,,0,CHEMBL1614671,Clearance in human after iv administration,A,BAO_0000218,organism-based format,Homo sapiens,None,None,None,None,,,,CHEMBL612558,ADMET,,ADMET,CHEMBL1614632,1,Scientific Literature,Drug Metab Dispos,2008,None,,,,4.7
CHEMBL671,THIOTEPA,4,189.22,0,0.16,Thiotepa,S=P(N1CC1)(N1CC1)N1CC1,CL,'=',6.7,mL.min-1.kg-1,,,,,,,,,0,CHEMBL1614671,Clearance in human after iv administration,A,BAO_0000218,organism-based format,Homo sapiens,None,None,None,None,,,,CHEMBL612558,ADMET,,ADMET,CHEMBL1614632,1,Scientific Literature,Drug Metab Dispos,2008,None,,,,6.7
CHEMBL64391,ITRACONAZOLE,4,705.65,3,5.58,Itraconazole,CCC(C)n1ncn(-c2ccc(N3CCN(c4ccc(OCC5COC(Cn6cncn6)(c6ccc(Cl)cc6Cl)O5)cc4)CC3)cc2)c1=O,CL,'=',5.1,mL.min-1.kg-1,,,,,,,,,0,CHEMBL1614671,Clearance in human after iv administration,A,BAO_0000218,organism-based format,Homo sapiens,None,None,None,None,,,,CHEMBL612558,ADMET,,ADMET,CHEMBL1614632,1,Scientific Literature,Drug Metab Dispos,2008,None,,,,5.1
CHEMBL1201248,CISATRACURIUM,4,929.16,3,8.07,Cisatracurium,COc1ccc(C[C@@H]2c3cc(OC)c(OC)cc3CC[N@+]2(C)CCC(=O)OCCCCCOC(=O)CC[N@@+]2(C)CCc3cc(OC)c(OC)cc3[C@H]2Cc2ccc(OC)c(OC)c2)cc1OC,CL,'=',5.4,mL.min-1.kg-1,,,,,,,,,0,CHEMBL1614671,Clearance in human after iv administration,A,BAO_0000218,organism-based format,Homo sapiens,None,None,None,None,,,,CHEMBL612558,ADMET,,ADMET,CHEMBL1614632,1,Scientific Literature,Drug Metab Dispos,2008,None,,,,5.4
CHEMBL416146,ETORICOXIB,4,358.85,0,4.18,Etoricoxib,Cc1ccc(-c2ncc(Cl)cc2-c2ccc(S(C)(=O)=O)cc2)cn1,CL,'=',0.79,mL.min-1.kg-1,,,,,,,,,0,CHEMBL1614671,Clearance in human after iv administration,A,BAO_0000218,organism-based format,Homo sapiens,None,None,None,None,,,,CHEMBL612558,ADMET,,ADMET,CHEMBL1614632,1,Scientific Literature,Drug Metab Dispos,2008,None,,,,0.79
CHEMBL13209,NITRAZEPAM,4,281.27,0,2.38,Nitrazepam,O=C1CN=C(c2ccccc2)c2cc([N+](=O)[O-])ccc2N1,CL,'=',0.86,mL.min-1.kg-1,,,,,,,,,0,CHEMBL1614671,Clearance in human after iv administration,A,BAO_0000218,organism-based format,Homo sapiens,None,None,None,None,,,,CHEMBL612558,ADMET,,ADMET,CHEMBL1614632,1,Scientific Literature,Drug Metab Dispos,2008,None,,,,0.86
CHEMBL1355736,THEOPHYLLINE,4,198.18,0,-1.04,Theophylline,Cn1c(=O)c2nc[nH]c2n(C)c1=O.O,CL,'=',0.86,mL.min-1.kg-1,,,,,,,,,0,CHEMBL1614671,Clearance in human after iv administration,A,BAO_0000218,organism-based format,Homo sapiens,None,None,None,None,,,,CHEMBL612558,ADMET,,ADMET,CHEMBL1614632,1,Scientific Literature,Drug Metab Dispos,2008,None,,,,0.86
CHEMBL174,AMPICILLIN,4,349.41,0,0.32,Ampicillin,CC1(C)S[C@@H]2[C@H](NC(=O)[C@H](N)c3ccccc3)C(=O)N2[C@H]1C(=O)O,CL,'=',2.8,mL.min-1.kg-1,,,,,,,,,0,CHEMBL1614671,Clearance in human after iv administration,A,BAO_0000218,organism-based format,Homo sapiens,None,None,None,None,,,,CHEMBL612558,ADMET,,ADMET,CHEMBL1614632,1,Scientific Literature,Drug Metab Dispos,2008,None,,,,2.8
CHEMBL972,SELEGILINE,4,187.29,0,2.18,Selegiline,C#CCN(C)[C@H](C)Cc1ccccc1,CL,'=',20,mL.min-1.kg-1,,,,,,,,,0,CHEMBL1614671,Clearance in human after iv administration,A,BAO_0000218,organism-based format,Homo sapiens,None,None,None,None,,,,CHEMBL612558,ADMET,,ADMET,CHEMBL1614632,1,Scientific Literature,Drug Metab Dispos,2008,None,,,,20
CHEMBL70,MORPHINE,4,285.34,0,1.2,Morphine,CN1CC[C@]23c4c5ccc(O)c4O[C@H]2[C@@H](O)C=C[C@H]3[C@H]1C5,CL,'=',26,mL.min-1.kg-1,,,,,,,,,0,CHEMBL1614671,Clearance in human after iv administration,A,BAO_0000218,organism-based format,Homo sapiens,None,None,None,None,,,,CHEMBL612558,ADMET,,ADMET,CHEMBL1614632,1,Scientific Literature,Drug Metab Dispos,2008,None,,,,26
CHEMBL1614659,,None,592.65,2,2.79,IVL745,COc1cc(CC(=O)NCC(=O)N(CCC(=O)O)Cc2ccc(CO)c(CO)c2)ccc1NC(=O)Nc1ccccc1C,CL,'=',11,mL.min-1.kg-1,,,,,,,,,0,CHEMBL1614671,Clearance in human after iv administration,A,BAO_0000218,organism-based format,Homo sapiens,None,None,None,None,,,,CHEMBL612558,ADMET,,ADMET,CHEMBL1614632,1,Scientific Literature,Drug Metab Dispos,2008,None,,,,11
CHEMBL19224,PAPAVERINE,3,339.39,0,3.86,Papaverine,COc1ccc(Cc2nccc3cc(OC)c(OC)cc23)cc1OC,CL,'=',11,mL.min-1.kg-1,,,,,,,,,0,CHEMBL1614671,Clearance in human after iv administration,A,BAO_0000218,organism-based format,Homo sapiens,None,None,None,None,,,,CHEMBL612558,ADMET,,ADMET,CHEMBL1614632,1,Scientific Literature,Drug Metab Dispos,2008,None,,,,11
CHEMBL1079,TIZANIDINE,4,253.72,0,1.72,Tizanidine,Clc1ccc2nsnc2c1NC1=NCCN1,CL,'=',11,mL.min-1.kg-1,,,,,,,,,0,CHEMBL1614671,Clearance in human after iv administration,A,BAO_0000218,organism-based format,Homo sapiens,None,None,None,None,,,,CHEMBL612558,ADMET,,ADMET,CHEMBL1614632,1,Scientific Literature,Drug Metab Dispos,2008,None,,,,11
CHEMBL315838,ENCAINIDE,4,352.48,0,4.36,Encainide,COc1ccc(C(=O)Nc2ccccc2CCC2CCCCN2C)cc1,CL,'=',13,mL.min-1.kg-1,,,,,,,,,0,CHEMBL1614671,Clearance in human after iv administration,A,BAO_0000218,organism-based format,Homo sapiens,None,None,None,None,,,,CHEMBL612558,ADMET,,ADMET,CHEMBL1614632,1,Scientific Literature,Drug Metab Dispos,2008,None,,,,13
CHEMBL13,METOPROLOL,4,267.37,0,1.61,9,COCCc1ccc(OCC(O)CNC(C)C)cc1,CL,'=',13,mL.min-1.kg-1,,,,,,,,,0,CHEMBL1614671,Clearance in human after iv administration,A,BAO_0000218,organism-based format,Homo sapiens,None,None,None,None,,,,CHEMBL612558,ADMET,,ADMET,CHEMBL1614632,1,Scientific Literature,Drug Metab Dispos,2008,None,,,,13
CHEMBL1213351,PROPOXYPHENE,4,339.48,0,4.28,Dextropropoxyphene,,,,,,,,,,,,,,,,,,,,,,,,,,,,,,,,,,,,,,,,,
CHEMBL71,CHLORPROMAZINE,4,318.87,0,4.89,Chlorpromazine,,,,,,,,,,,,,,,,,,,,,,,,,,,,,,,,,,,,,,,,,
CHEMBL1200937,DALFOPRISTIN,4,690.86,2,2.27,Dalfopristin,CCN(CC)CCS(=O)(=O)[C@@H]1CCN2C(=O)c3coc(n3)CC(=O)C[C@H](O)/C=C(C)/C=C/CNC(=O)/C=C/[C@@H](C)[C@@H](C(C)C)OC(=O)[C@@H]12,CL,'=',16,mL.min-1.kg-1,,,,,,,,,0,CHEMBL1614671,Clearance in human after iv administration,A,BAO_0000218,organism-based format,Homo sapiens,None,None,None,None,,,,CHEMBL612558,ADMET,,ADMET,CHEMBL1614632,1,Scientific Literature,Drug Metab Dispos,2008,None,,,,16
CHEMBL494,ILOPROST,4,360.49,0,3.54,Iloprost,CC#CCC(C)[C@H](O)/C=C/[C@@H]1[C@H]2C/C(=C/CCCC(=O)O)C[C@H]2C[C@H]1O,CL,'=',16,mL.min-1.kg-1,,,,,,,,,0,CHEMBL1614671,Clearance in human after iv administration,A,BAO_0000218,organism-based format,Homo sapiens,None,None,None,None,,,,CHEMBL612558,ADMET,,ADMET,CHEMBL1614632,1,Scientific Literature,Drug Metab Dispos,2008,None,,,,16
CHEMBL905,RIZATRIPTAN,4,269.35,0,1.91,Rizatriptan,CN(C)CCc1c[nH]c2ccc(Cn3cncn3)cc12,CL,'=',16,mL.min-1.kg-1,,,,,,,,,0,CHEMBL1614671,Clearance in human after iv administration,A,BAO_0000218,organism-based format,Homo sapiens,None,None,None,None,,,,CHEMBL612558,ADMET,,ADMET,CHEMBL1614632,1,Scientific Literature,Drug Metab Dispos,2008,None,,,,16
CHEMBL289469,GRANISETRON,4,312.42,0,2.32,Granisetron,CN1C2CCCC1CC(NC(=O)c1nn(C)c3ccccc13)C2,CL,'=',9.1,mL.min-1.kg-1,,,,,,,,,0,CHEMBL1614671,Clearance in human after iv administration,A,BAO_0000218,organism-based format,Homo sapiens,None,None,None,None,,,,CHEMBL612558,ADMET,,ADMET,CHEMBL1614632,1,Scientific Literature,Drug Metab Dispos,2008,None,,,,9.1
CHEMBL572,NITROFURANTOIN,4,238.16,0,0.07,SID17389788,O=C1CN(/N=C/c2ccc([N+](=O)[O-])o2)C(=O)N1,CL,'=',9.7,mL.min-1.kg-1,,,,,,,,,0,CHEMBL1614671,Clearance in human after iv administration,A,BAO_0000218,organism-based format,Homo sapiens,None,None,None,None,,,,CHEMBL612558,ADMET,,ADMET,CHEMBL1614632,1,Scientific Literature,Drug Metab Dispos,2008,None,,,,9.7
CHEMBL36633,OXIRACETAM,3,158.16,0,-1.94,Oxiracetam,NC(=O)CN1CC(O)CC1=O,CL,'=',1.8,mL.min-1.kg-1,,,,,,,,,0,CHEMBL1614671,Clearance in human after iv administration,A,BAO_0000218,organism-based format,Homo sapiens,None,None,None,None,,,,CHEMBL612558,ADMET,,ADMET,CHEMBL1614632,1,Scientific Literature,Drug Metab Dispos,2008,None,,,,1.8
CHEMBL1311,ISOSORBIDE MONONITRATE,4,191.14,0,-1.28,Isosorbide-5-Mononitrate,O=[N+]([O-])O[C@@H]1CO[C@H]2[C@@H]1OC[C@@H]2O,CL,'=',2,mL.min-1.kg-1,,,,,,,,,0,CHEMBL1614671,Clearance in human after iv administration,A,BAO_0000218,organism-based format,Homo sapiens,None,None,None,None,,,,CHEMBL612558,ADMET,,ADMET,CHEMBL1614632,1,Scientific Literature,Drug Metab Dispos,2008,None,,,,2
CHEMBL404271,ACARBOSE,4,645.61,3,-8.56,Acarbose,C[C@H]1O[C@H](O[C@H]2[C@H](O)[C@@H](O)[C@@H](O[C@H]3[C@H](O)[C@@H](O)C(O)O[C@@H]3CO)O[C@@H]2CO)[C@H](O)[C@@H](O)[C@@H]1N[C@H]1C=C(CO)[C@@H](O)[C@H](O)[C@H]1O,CL,'=',2.2,mL.min-1.kg-1,,,,,,,,,0,CHEMBL1614671,Clearance in human after iv administration,A,BAO_0000218,organism-based format,Homo sapiens,None,None,None,None,,,,CHEMBL612558,ADMET,,ADMET,CHEMBL1614632,1,Scientific Literature,Drug Metab Dispos,2008,None,,,,2.2
CHEMBL1644,CEFADROXIL,4,363.39,0,0.15,Cefadroxil,CC1=C(C(=O)O)N2C(=O)[C@@H](NC(=O)[C@H](N)c3ccc(O)cc3)[C@H]2SC1,CL,'=',2.5,mL.min-1.kg-1,,,,,,,,,0,CHEMBL1614671,Clearance in human after iv administration,A,BAO_0000218,organism-based format,Homo sapiens,None,None,None,None,,,,CHEMBL612558,ADMET,,ADMET,CHEMBL1614632,1,Scientific Literature,Drug Metab Dispos,2008,None,,,,2.5
CHEMBL660,AMANTADINE,4,151.25,0,1.91,Amantadine,NC12CC3CC(CC(C3)C1)C2,CL,'=',4.8,mL.min-1.kg-1,,,,,,,,,0,CHEMBL1614671,Clearance in human after iv administration,A,BAO_0000218,organism-based format,Homo sapiens,None,None,None,None,,,,CHEMBL612558,ADMET,,ADMET,CHEMBL1614632,1,Scientific Literature,Drug Metab Dispos,2008,None,,,,4.8
CHEMBL650,METHYLPREDNISOLONE,4,374.48,0,1.8,Methylprednisolone,C[C@H]1C[C@@H]2[C@H]([C@@H](O)C[C@@]3(C)[C@H]2CC[C@]3(O)C(=O)CO)[C@@]2(C)C=CC(=O)C=C12,CL,'=',6.1,mL.min-1.kg-1,,,,,,,,,0,CHEMBL1614671,Clearance in human after iv administration,A,BAO_0000218,organism-based format,Homo sapiens,None,None,None,None,,,,CHEMBL612558,ADMET,,ADMET,CHEMBL1614632,1,Scientific Literature,Drug Metab Dispos,2008,None,,,,6.1
CHEMBL339323,PANIPENEM,2,339.42,0,0.7,Panipenem,CC(=N)N1CC[C@H](SC2=C(C(=O)O)N3C(=O)[C@H]([C@@H](C)O)[C@H]3C2)C1,CL,'=',2.6,mL.min-1.kg-1,,,,,,,,,0,CHEMBL1614671,Clearance in human after iv administration,A,BAO_0000218,organism-based format,Homo sapiens,None,None,None,None,,,,CHEMBL612558,ADMET,,ADMET,CHEMBL1614632,1,Scientific Literature,Drug Metab Dispos,2008,None,,,,2.6
CHEMBL777,CLAVULANIC ACID,4,199.16,0,-1.1,Clavulanic Acd,O=C(O)[C@H]1/C(=C/CO)O[C@@H]2CC(=O)N21,CL,'=',3.1,mL.min-1.kg-1,,,,,,,,,0,CHEMBL1614671,Clearance in human after iv administration,A,BAO_0000218,organism-based format,Homo sapiens,None,None,None,None,,,,CHEMBL612558,ADMET,,ADMET,CHEMBL1614632,1,Scientific Literature,Drug Metab Dispos,2008,None,,,,3.1
CHEMBL279229,URAPIDIL,3,387.48,0,0.72,Urapidil,COc1ccccc1N1CCN(CCCNc2cc(=O)n(C)c(=O)n2C)CC1,CL,'=',3.1,mL.min-1.kg-1,,,,,,,,,0,CHEMBL1614671,Clearance in human after iv administration,A,BAO_0000218,organism-based format,Homo sapiens,None,None,None,None,,,,CHEMBL612558,ADMET,,ADMET,CHEMBL1614632,1,Scientific Literature,Drug Metab Dispos,2008,None,,,,3.1
CHEMBL86,METOCLOPRAMIDE,4,299.8,0,2,Metoclopramide,CCN(CC)CCNC(=O)c1cc(Cl)c(N)cc1OC,CL,'=',5.7,mL.min-1.kg-1,,,,,,,,,0,CHEMBL1614671,Clearance in human after iv administration,A,BAO_0000218,organism-based format,Homo sapiens,None,None,None,None,,,,CHEMBL612558,ADMET,,ADMET,CHEMBL1614632,1,Scientific Literature,Drug Metab Dispos,2008,None,,,,5.7
CHEMBL1731,MEZLOCILLIN,4,539.59,1,-0.23,Mezlocillin,CC1(C)S[C@@H]2[C@H](NC(=O)[C@H](NC(=O)N3CCN(S(C)(=O)=O)C3=O)c3ccccc3)C(=O)N2[C@H]1C(=O)O,CL,'=',2.1,mL.min-1.kg-1,,,,,,,,,0,CHEMBL1614671,Clearance in human after iv administration,A,BAO_0000218,organism-based format,Homo sapiens,None,None,None,None,,,,CHEMBL612558,ADMET,,ADMET,CHEMBL1614632,1,Scientific Literature,Drug Metab Dispos,2008,None,,,,2.1
CHEMBL1734,SOLIFENACIN,4,362.47,0,3.86,Solifenacin,O=C(O[C@H]1CN2CCC1CC2)N1CCc2ccccc2[C@@H]1c1ccccc1,CL,'=',2.1,mL.min-1.kg-1,,,,,,,,,0,CHEMBL1614671,Clearance in human after iv administration,A,BAO_0000218,organism-based format,Homo sapiens,None,None,None,None,,,,CHEMBL612558,ADMET,,ADMET,CHEMBL1614632,1,Scientific Literature,Drug Metab Dispos,2008,None,,,,2.1
CHEMBL1762,TOCAINIDE,4,192.26,0,1.59,Tocainide,Cc1cccc(C)c1NC(=O)C(C)N,CL,'=',2.2,mL.min-1.kg-1,,,,,,,,,0,CHEMBL1614671,Clearance in human after iv administration,A,BAO_0000218,organism-based format,Homo sapiens,None,None,None,None,,,,CHEMBL612558,ADMET,,ADMET,CHEMBL1614632,1,Scientific Literature,Drug Metab Dispos,2008,None,,,,2.2
CHEMBL635,PREDNISONE,4,358.43,0,1.77,PREDNISONE,C[C@]12C=CC(=O)C=C1CC[C@@H]1[C@@H]2C(=O)C[C@@]2(C)[C@H]1CC[C@]2(O)C(=O)CO,CL,'=',2.5,mL.min-1.kg-1,,,,,,,,,0,CHEMBL1614671,Clearance in human after iv administration,A,BAO_0000218,organism-based format,Homo sapiens,None,None,None,None,,,,CHEMBL612558,ADMET,,ADMET,CHEMBL1614632,1,Scientific Literature,Drug Metab Dispos,2008,None,,,,2.5
CHEMBL708,ZIPRASIDONE,4,412.95,0,3.81,Ziprasidone,O=C1Cc2cc(CCN3CCN(c4nsc5ccccc45)CC3)c(Cl)cc2N1,CL,'=',5.1,mL.min-1.kg-1,,,,,,,,,0,CHEMBL1614671,Clearance in human after iv administration,A,BAO_0000218,organism-based format,Homo sapiens,None,None,None,None,,,,CHEMBL612558,ADMET,,ADMET,CHEMBL1614632,1,Scientific Literature,Drug Metab Dispos,2008,None,,,,5.1
CHEMBL306713,Sch-34343,None,334.38,0,-0.02,SCH-34343,C[C@@H](O)[C@H]1C(=O)N2C(C(=O)O)=C(SCCOC(N)=O)S[C@H]12,CL,'=',7.5,mL.min-1.kg-1,,,,,,,,,0,CHEMBL1614671,Clearance in human after iv administration,A,BAO_0000218,organism-based format,Homo sapiens,None,None,None,None,,,,CHEMBL612558,ADMET,,ADMET,CHEMBL1614632,1,Scientific Literature,Drug Metab Dispos,2008,None,,,,7.5
CHEMBL500,PINDOLOL,4,248.33,0,1.91,Pindolol,CC(C)NCC(O)COc1cccc2[nH]ccc12,CL,'=',7.7,mL.min-1.kg-1,,,,,,,,,0,CHEMBL1614671,Clearance in human after iv administration,A,BAO_0000218,organism-based format,Homo sapiens,None,None,None,None,,,,CHEMBL612558,ADMET,,ADMET,CHEMBL1614632,1,Scientific Literature,Drug Metab Dispos,2008,None,,,,7.7
CHEMBL8,CIPROFLOXACIN,4,331.35,0,1.58,SID174007333,O=C(O)c1cn(C2CC2)c2cc(N3CCNCC3)c(F)cc2c1=O,CL,'=',8.3,mL.min-1.kg-1,,,,,,,,,0,CHEMBL1614671,Clearance in human after iv administration,A,BAO_0000218,organism-based format,Homo sapiens,None,None,None,None,,,,CHEMBL612558,ADMET,,ADMET,CHEMBL1614632,1,Scientific Literature,Drug Metab Dispos,2008,None,,,,8.3
CHEMBL558,MEXILETINE,4,179.26,0,2.03,Mexiletine,Cc1cccc(C)c1OCC(C)N,CL,'=',8.3,mL.min-1.kg-1,,,,,,,,,0,CHEMBL1614671,Clearance in human after iv administration,A,BAO_0000218,organism-based format,Homo sapiens,None,None,None,None,,,,CHEMBL612558,ADMET,,ADMET,CHEMBL1614632,1,Scientific Literature,Drug Metab Dispos,2008,None,,,,8.3
CHEMBL87045,CIFENLINE,2,262.36,0,2.99,Cibenzoline,c1ccc(C2(c3ccccc3)CC2C2=NCCN2)cc1,CL,'=',8.6,mL.min-1.kg-1,,,,,,,,,0,CHEMBL1614671,Clearance in human after iv administration,A,BAO_0000218,organism-based format,Homo sapiens,None,None,None,None,,,,CHEMBL612558,ADMET,,ADMET,CHEMBL1614632,1,Scientific Literature,Drug Metab Dispos,2008,None,,,,8.6
CHEMBL1096237,BMS-188797,1,869.92,2,3.96,4-Desacetylpaclitaxel,COC(=O)O[C@@]12CO[C@@H]1C[C@H](O)[C@@]1(C)C(=O)[C@H](OC(C)=O)C3=C(C)[C@@H](OC(=O)[C@H](O)[C@@H](NC(=O)c4ccccc4)c4ccccc4)C[C@@](O)([C@@H](OC(=O)c4ccccc4)[C@H]21)C3(C)C,CL,'=',8.6,mL.min-1.kg-1,,,,,,,,,0,CHEMBL1614671,Clearance in human after iv administration,A,BAO_0000218,organism-based format,Homo sapiens,None,None,None,None,,,,CHEMBL612558,ADMET,,ADMET,CHEMBL1614632,1,Scientific Literature,Drug Metab Dispos,2008,None,,,,8.6
CHEMBL456,ETHACRYNIC ACID,4,303.14,0,3.61,Ethacrynic Acid,C=C(CC)C(=O)c1ccc(OCC(=O)O)c(Cl)c1Cl,CL,'=',8.73,mL.min-1.kg-1,,,,,,,,,0,CHEMBL1614671,Clearance in human after iv administration,A,BAO_0000218,organism-based format,Homo sapiens,None,None,None,None,,,,CHEMBL612558,ADMET,,ADMET,CHEMBL1614632,1,Scientific Literature,Drug Metab Dispos,2008,None,,,,8.73
CHEMBL1434,MINOCYCLINE,4,457.48,0,0.19,Minocycline,CN(C)c1ccc(O)c2c1C[C@H]1C[C@H]3[C@H](N(C)C)C(O)=C(C(N)=O)C(=O)[C@@]3(O)C(O)=C1C2=O,CL,'=',1.2,mL.min-1.kg-1,,,,,,,,,0,CHEMBL1614671,Clearance in human after iv administration,A,BAO_0000218,organism-based format,Homo sapiens,None,None,None,None,,,,CHEMBL612558,ADMET,,ADMET,CHEMBL1614632,1,Scientific Literature,Drug Metab Dispos,2008,None,,,,1.2
CHEMBL1515,METHIMAZOLE,4,114.17,0,0.71,METHIMAZOLE,Cn1ccnc1S,CL,'=',3.7,mL.min-1.kg-1,,,,,,,,,0,CHEMBL1614671,Clearance in human after iv administration,A,BAO_0000218,organism-based format,Homo sapiens,None,None,None,None,,,,CHEMBL612558,ADMET,,ADMET,CHEMBL1614632,1,Scientific Literature,Drug Metab Dispos,2008,None,,,,3.7
CHEMBL484,ADEFOVIR,3,273.19,0,-0.44,Adefovir,Nc1ncnc2c1ncn2CCOCP(=O)(O)O,CL,'=',3.7,mL.min-1.kg-1,,,,,,,,,0,CHEMBL1614671,Clearance in human after iv administration,A,BAO_0000218,organism-based format,Homo sapiens,None,None,None,None,,,,CHEMBL612558,ADMET,,ADMET,CHEMBL1614632,1,Scientific Literature,Drug Metab Dispos,2008,None,,,,3.7
CHEMBL1046,AMINOCAPROIC ACID,4,131.18,0,0.59,6-Aminohexanoic acid,NCCCCCC(=O)O,CL,'=',2.5,mL.min-1.kg-1,,,,,,,,,0,CHEMBL1614671,Clearance in human after iv administration,A,BAO_0000218,organism-based format,Homo sapiens,None,None,None,None,,,,CHEMBL612558,ADMET,,ADMET,CHEMBL1614632,1,Scientific Literature,Drug Metab Dispos,2008,None,,,,2.5
CHEMBL185073,PANCURONIUM,4,572.88,2,6.11,Pancuronium,CC(=O)O[C@H]1C[C@@H]2CC[C@@H]3[C@H](CC[C@@]4(C)[C@H]3C[C@H]([N+]3(C)CCCCC3)[C@@H]4OC(C)=O)[C@@]2(C)C[C@@H]1[N+]1(C)CCCCC1,CL,'=',1.5,mL.min-1.kg-1,,,,,,,,,0,CHEMBL1614671,Clearance in human after iv administration,A,BAO_0000218,organism-based format,Homo sapiens,None,None,None,None,,,,CHEMBL612558,ADMET,,ADMET,CHEMBL1614632,1,Scientific Literature,Drug Metab Dispos,2008,None,,,,1.5
CHEMBL6,INDOMETHACIN,4,357.79,0,3.93,90c,COc1ccc2c(c1)c(CC(=O)O)c(C)n2C(=O)c1ccc(Cl)cc1,CL,'=',1.3,mL.min-1.kg-1,,,,,,,,,0,CHEMBL1614671,Clearance in human after iv administration,A,BAO_0000218,organism-based format,Homo sapiens,None,None,None,None,,,,CHEMBL612558,ADMET,,ADMET,CHEMBL1614632,1,Scientific Literature,Drug Metab Dispos,2008,None,,,,1.3
CHEMBL1200826,LITHIUM CARBONATE,4,73.89,None,None,Lithium Carbonate,O=C([O-])[O-].[Li+].[Li+],CL,'=',1.3,mL.min-1.kg-1,,,,,,,,,0,CHEMBL1614671,Clearance in human after iv administration,A,BAO_0000218,organism-based format,Homo sapiens,None,None,None,None,,,,CHEMBL612558,ADMET,,ADMET,CHEMBL1614632,1,Scientific Literature,Drug Metab Dispos,2008,None,,,,1.3
CHEMBL1614660,,None,588.71,3,1.65,KRN-5500,CCCCCCCCC/C=C/C=C/C(=O)CCC(=O)NC1[C@H](C(O)CO)O[C@H](Nc2ncnc3nc[nH]c23)[C@H](O)[C@@H]1O,CL,'=',2.7,mL.min-1.kg-1,,,,,,,,,0,CHEMBL1614671,Clearance in human after iv administration,A,BAO_0000218,organism-based format,Homo sapiens,None,None,None,None,,,,CHEMBL612558,ADMET,,ADMET,CHEMBL1614632,1,Scientific Literature,Drug Metab Dispos,2008,None,,,,2.7
CHEMBL159,VINBLASTINE,4,810.99,2,3.99,Vinblastine,CC[C@]1(O)C[C@@H]2CN(CCc3c([nH]c4ccccc34)[C@@](C(=O)OC)(c3cc4c(cc3OC)N(C)[C@H]3[C@@](O)(C(=O)OC)[C@H](OC(C)=O)[C@]5(CC)C=CCN6CC[C@]43[C@@H]65)C2)C1,CL,'=',3.1,mL.min-1.kg-1,,,,,,,,,0,CHEMBL1614671,Clearance in human after iv administration,A,BAO_0000218,organism-based format,Homo sapiens,None,None,None,None,,,,CHEMBL612558,ADMET,,ADMET,CHEMBL1614632,1,Scientific Literature,Drug Metab Dispos,2008,None,,,,3.1
CHEMBL1166,ARGATROBAN,4,508.65,2,0.91,Argatroban,CC1CNc2c(cccc2S(=O)(=O)N[C@@H](CCCNC(=N)N)C(=O)N2CC[C@@H](C)C[C@@H]2C(=O)O)C1,CL,'=',5,mL.min-1.kg-1,,,,,,,,,0,CHEMBL1614671,Clearance in human after iv administration,A,BAO_0000218,organism-based format,Homo sapiens,None,None,None,None,,,,CHEMBL612558,ADMET,,ADMET,CHEMBL1614632,1,Scientific Literature,Drug Metab Dispos,2008,None,,,,5
CHEMBL979,MEPROBAMATE,4,218.25,0,0.98,Meprobamate,CCCC(C)(COC(N)=O)COC(N)=O,CL,'=',0.6,mL.min-1.kg-1,,,,,,,,,0,CHEMBL1614671,Clearance in human after iv administration,A,BAO_0000218,organism-based format,Homo sapiens,None,None,None,None,,,,CHEMBL612558,ADMET,,ADMET,CHEMBL1614632,1,Scientific Literature,Drug Metab Dispos,2008,None,,,,0.6
CHEMBL266510,FLINDOKALNER,3,359.71,0,4.53,Maxipost,COc1ccc(Cl)cc1[C@]1(F)C(=O)Nc2cc(C(F)(F)F)ccc21,CL,'=',15,mL.min-1.kg-1,,,,,,,,,0,CHEMBL1614671,Clearance in human after iv administration,A,BAO_0000218,organism-based format,Homo sapiens,None,None,None,None,,,,CHEMBL612558,ADMET,,ADMET,CHEMBL1614632,1,Scientific Literature,Drug Metab Dispos,2008,None,,,,15
CHEMBL1237123,DOXACURIUM,4,1035.24,None,None,Doxacurium,COc1cc(CC2c3c(cc(OC)c(OC)c3OC)CC[N+]2(C)CCCOC(=O)CCC(=O)OCCC[N+]2(C)CCc3cc(OC)c(OC)c(OC)c3C2Cc2cc(OC)c(OC)c(OC)c2)cc(OC)c1OC,CL,'=',2.7,mL.min-1.kg-1,,,,,,,,,0,CHEMBL1614671,Clearance in human after iv administration,A,BAO_0000218,organism-based format,Homo sapiens,None,None,None,None,,,,CHEMBL612558,ADMET,,ADMET,CHEMBL1614632,1,Scientific Literature,Drug Metab Dispos,2008,None,,,,2.7
CHEMBL2092739,DIHYDROQUINIDINE,None,326.44,0,3.4,Dihydroquinidine,CCC1CN2CCC1CC2[C@@H](O)c1ccnc2ccc(OC)cc12,CL,'=',4.2,mL.min-1.kg-1,,,,,,,,,0,CHEMBL1614671,Clearance in human after iv administration,A,BAO_0000218,organism-based format,Homo sapiens,None,None,None,None,,,,CHEMBL612558,ADMET,,ADMET,CHEMBL1614632,1,Scientific Literature,Drug Metab Dispos,2008,None,,,,4.2
CHEMBL1236539,,None,482.54,0,3.84,7-Hydroxystaurosporine,CN[C@@H]1C[C@H]2O[C@@](C)([C@@H]1OC)n1c3ccccc3c3c4c(c5c6ccccc6n2c5c31)C(=O)N[C@@H]4O,CL,'=',0.0037,mL.min-1.kg-1,,,,,,,,,0,CHEMBL1614671,Clearance in human after iv administration,A,BAO_0000218,organism-based format,Homo sapiens,None,None,None,None,,,,CHEMBL612558,ADMET,,ADMET,CHEMBL1614632,1,Scientific Literature,Drug Metab Dispos,2008,None,,,,0.0037
CHEMBL277474,ANTIPYRINE,3,188.23,0,1.48,Antipyrine,Cc1cc(=O)n(-c2ccccc2)n1C,CL,'=',0.64,mL.min-1.kg-1,,,,,,,,,0,CHEMBL1614671,Clearance in human after iv administration,A,BAO_0000218,organism-based format,Homo sapiens,None,None,None,None,,,,CHEMBL612558,ADMET,,ADMET,CHEMBL1614632,1,Scientific Literature,Drug Metab Dispos,2008,None,,,,0.64
CHEMBL472,GLYBURIDE,4,494.01,0,3.64,Glyburide,COc1ccc(Cl)cc1C(=O)NCCc1ccc(S(=O)(=O)NC(=O)NC2CCCCC2)cc1,CL,'=',0.82,mL.min-1.kg-1,,,,,,,,,0,CHEMBL1614671,Clearance in human after iv administration,A,BAO_0000218,organism-based format,Homo sapiens,None,None,None,None,,,,CHEMBL612558,ADMET,,ADMET,CHEMBL1614632,1,Scientific Literature,Drug Metab Dispos,2008,None,,,,0.82
CHEMBL1112,ARIPIPRAZOLE,4,448.39,0,4.86,Aripiprazole,O=C1CCc2ccc(OCCCCN3CCN(c4cccc(Cl)c4Cl)CC3)cc2N1,CL,'=',0.83,mL.min-1.kg-1,,,,,,,,,0,CHEMBL1614671,Clearance in human after iv administration,A,BAO_0000218,organism-based format,Homo sapiens,None,None,None,None,,,,CHEMBL612558,ADMET,,ADMET,CHEMBL1614632,1,Scientific Literature,Drug Metab Dispos,2008,None,,,,0.83
CHEMBL137,METRONIDAZOLE,4,171.16,0,0.09,Metronidazole,Cc1ncc([N+](=O)[O-])n1CCO,CL,'=',0.85,mL.min-1.kg-1,,,,,,,,,0,CHEMBL1614671,Clearance in human after iv administration,A,BAO_0000218,organism-based format,Homo sapiens,None,None,None,None,,,,CHEMBL612558,ADMET,,ADMET,CHEMBL1614632,1,Scientific Literature,Drug Metab Dispos,2008,None,,,,0.85
CHEMBL1435,CEFAZOLIN,4,454.52,1,-0.64,Cefazolin,Cc1nnc(SCC2=C(C(=O)O)N3C(=O)[C@@H](NC(=O)Cn4cnnn4)[C@H]3SC2)s1,CL,'=',0.89,mL.min-1.kg-1,,,,,,,,,0,CHEMBL1614671,Clearance in human after iv administration,A,BAO_0000218,organism-based format,Homo sapiens,None,None,None,None,,,,CHEMBL612558,ADMET,,ADMET,CHEMBL1614632,1,Scientific Literature,Drug Metab Dispos,2008,None,,,,0.89
CHEMBL1200622,PARICALCITOL,4,416.65,1,5.56,Paricalcitol,C[C@H](/C=C/[C@H](C)C(C)(C)O)[C@H]1CC[C@H]2/C(=C/C=C3C[C@@H](O)C[C@H](O)C3)CCC[C@]12C,CL,'=',0.89,mL.min-1.kg-1,,,,,,,,,0,CHEMBL1614671,Clearance in human after iv administration,A,BAO_0000218,organism-based format,Homo sapiens,None,None,None,None,,,,CHEMBL612558,ADMET,,ADMET,CHEMBL1614632,1,Scientific Literature,Drug Metab Dispos,2008,None,,,,0.89
CHEMBL222813,ZANAMIVIR,4,332.31,1,-3.58,Zanamivir,CC(=O)N[C@H]1[C@H]([C@H](O)[C@H](O)CO)OC(C(=O)O)=C[C@@H]1NC(=N)N,CL,'=',1.6,mL.min-1.kg-1,,,,,,,,,0,CHEMBL1614671,Clearance in human after iv administration,A,BAO_0000218,organism-based format,Homo sapiens,None,None,None,None,,,,CHEMBL612558,ADMET,,ADMET,CHEMBL1614632,1,Scientific Literature,Drug Metab Dispos,2008,None,,,,1.6
CHEMBL72,DESIPRAMINE,4,266.39,0,3.53,Desipramine,CNCCCN1c2ccccc2CCc2ccccc21,CL,'=',11,mL.min-1.kg-1,,,,,,,,,0,CHEMBL1614671,Clearance in human after iv administration,A,BAO_0000218,organism-based format,Homo sapiens,None,None,None,None,,,,CHEMBL612558,ADMET,,ADMET,CHEMBL1614632,1,Scientific Literature,Drug Metab Dispos,2008,None,,,,11
CHEMBL1560,CAPTOPRIL,4,217.29,0,0.63,Captopril,C[C@H](CS)C(=O)N1CCC[C@H]1C(=O)O,CL,'=',12,mL.min-1.kg-1,,,,,,,,,0,CHEMBL1614671,Clearance in human after iv administration,A,BAO_0000218,organism-based format,Homo sapiens,None,None,None,None,,,,CHEMBL612558,ADMET,,ADMET,CHEMBL1614632,1,Scientific Literature,Drug Metab Dispos,2008,None,,,,12
CHEMBL158,AZTREONAM,4,435.44,0,-1.17,Aztreonam,C[C@H]1[C@H](NC(=O)/C(=N\OC(C)(C)C(=O)O)c2csc(N)n2)C(=O)N1S(=O)(=O)O,CL,'=',1.5,mL.min-1.kg-1,,,,,,,,,0,CHEMBL1614671,Clearance in human after iv administration,A,BAO_0000218,organism-based format,Homo sapiens,None,None,None,None,,,,CHEMBL612558,ADMET,,ADMET,CHEMBL1614632,1,Scientific Literature,Drug Metab Dispos,2008,None,,,,1.5
CHEMBL50882,TIRAPAZAMINE,3,178.15,0,-0.92,Tirapazamine,Nc1n[n+]([O-])c2ccccc2[n+]1[O-],CL,'=',8.9,mL.min-1.kg-1,,,,,,,,,0,CHEMBL1614671,Clearance in human after iv administration,A,BAO_0000218,organism-based format,Homo sapiens,None,None,None,None,,,,CHEMBL612558,ADMET,,ADMET,CHEMBL1614632,1,Scientific Literature,Drug Metab Dispos,2008,None,,,,8.9
CHEMBL639,AZELASTINE,4,381.91,0,4.3,Azelastine,CN1CCCC(n2nc(Cc3ccc(Cl)cc3)c3ccccc3c2=O)CC1,CL,'=',9,mL.min-1.kg-1,,,,,,,,,0,CHEMBL1614671,Clearance in human after iv administration,A,BAO_0000218,organism-based format,Homo sapiens,None,None,None,None,,,,CHEMBL612558,ADMET,,ADMET,CHEMBL1614632,1,Scientific Literature,Drug Metab Dispos,2008,None,,,,9
CHEMBL1614636,,None,316.49,0,4.52,7 alpha,,,,,,,,,,,,,,,,,,,,,,,,,,,,,,,,,,,,,,,,,
CHEMBL16073,PHENACETIN,4,179.22,0,2.04,Phenacetin,CCOc1ccc(NC(C)=O)cc1,CL,'=',21,mL.min-1.kg-1,,,,,,,,,0,CHEMBL1614671,Clearance in human after iv administration,A,BAO_0000218,organism-based format,Homo sapiens,None,None,None,None,,,,CHEMBL612558,ADMET,,ADMET,CHEMBL1614632,1,Scientific Literature,Drug Metab Dispos,2008,None,,,,21
CHEMBL210952,ELTANOLONE,2,318.5,0,4.6,Eltanolone,CC(=O)[C@H]1CC[C@H]2[C@@H]3CC[C@@H]4C[C@H](O)CC[C@]4(C)[C@H]3CC[C@]12C,CL,'=',22,mL.min-1.kg-1,,,,,,,,,0,CHEMBL1614671,Clearance in human after iv administration,A,BAO_0000218,organism-based format,Homo sapiens,None,None,None,None,,,,CHEMBL612558,ADMET,,ADMET,CHEMBL1614632,1,Scientific Literature,Drug Metab Dispos,2008,None,,,,22
CHEMBL56564,TROPISETRON,4,284.36,0,2.95,Tropisetron,CN1[C@@H]2CC[C@H]1C[C@@H](OC(=O)c1c[nH]c3ccccc13)C2,CL,'=',26,mL.min-1.kg-1,,,,,,,,,0,CHEMBL1614671,Clearance in human after iv administration,A,BAO_0000218,organism-based format,Homo sapiens,None,None,None,None,,,,CHEMBL612558,ADMET,,ADMET,CHEMBL1614632,1,Scientific Literature,Drug Metab Dispos,2008,None,,,,26
CHEMBL567,PERPHENAZINE,4,403.98,0,3.94,Perphenazine,OCCN1CCN(CCCN2c3ccccc3Sc3ccc(Cl)cc32)CC1,CL,'=',27,mL.min-1.kg-1,,,,,,,,,0,CHEMBL1614671,Clearance in human after iv administration,A,BAO_0000218,organism-based format,Homo sapiens,None,None,None,None,,,,CHEMBL612558,ADMET,,ADMET,CHEMBL1614632,1,Scientific Literature,Drug Metab Dispos,2008,None,,,,27
CHEMBL315795,CLOMETHIAZOLE,4,161.66,0,2.23,Chlormethiazole,Cc1ncsc1CCCl,CL,'=',33,mL.min-1.kg-1,,,,,,,,,0,CHEMBL1614671,Clearance in human after iv administration,A,BAO_0000218,organism-based format,Homo sapiens,None,None,None,None,,,,CHEMBL612558,ADMET,,ADMET,CHEMBL1614632,1,Scientific Literature,Drug Metab Dispos,2008,None,,,,33
CHEMBL1489,AZACITIDINE,4,244.21,0,-3.17,Azacitidine,Nc1ncn([C@@H]2O[C@H](CO)[C@@H](O)[C@H]2O)c(=O)n1,CL,'=',35,mL.min-1.kg-1,,,,,,,,,0,CHEMBL1614671,Clearance in human after iv administration,A,BAO_0000218,organism-based format,Homo sapiens,None,None,None,None,,,,CHEMBL612558,ADMET,,ADMET,CHEMBL1614632,1,Scientific Literature,Drug Metab Dispos,2008,None,,,,35
CHEMBL255044,FLUPIRTINE,4,304.32,0,2.98,Flupirtine,CCOC(=O)Nc1ccc(NCc2ccc(F)cc2)nc1N,CL,'=',1.6,mL.min-1.kg-1,,,,,,,,,0,CHEMBL1614671,Clearance in human after iv administration,A,BAO_0000218,organism-based format,Homo sapiens,None,None,None,None,,,,CHEMBL612558,ADMET,,ADMET,CHEMBL1614632,1,Scientific Literature,Drug Metab Dispos,2008,None,,,,1.6
CHEMBL1389,LEVONORGESTREL,4,312.45,0,3.88,Levonorgestrel,C#C[C@]1(O)CC[C@H]2[C@@H]3CCC4=CC(=O)CC[C@@H]4[C@H]3CC[C@@]21CC,CL,'=',1.8,mL.min-1.kg-1,,,,,,,,,0,CHEMBL1614671,Clearance in human after iv administration,A,BAO_0000218,organism-based format,Homo sapiens,None,None,None,None,,,,CHEMBL612558,ADMET,,ADMET,CHEMBL1614632,1,Scientific Literature,Drug Metab Dispos,2008,None,,,,1.8
CHEMBL1471,APREPITANT,4,534.43,1,4.95,Aprepitant,C[C@@H](O[C@H]1OCCN(Cc2n[nH]c(=O)[nH]2)[C@H]1c1ccc(F)cc1)c1cc(C(F)(F)F)cc(C(F)(F)F)c1,CL,'=',1,mL.min-1.kg-1,,,,,,,,,0,CHEMBL1614671,Clearance in human after iv administration,A,BAO_0000218,organism-based format,Homo sapiens,None,None,None,None,,,,CHEMBL612558,ADMET,,ADMET,CHEMBL1614632,1,Scientific Literature,Drug Metab Dispos,2008,None,,,,1
CHEMBL445,NORTRIPTYLINE,4,263.38,0,3.83,Nortriptyline,CNCCC=C1c2ccccc2CCc2ccccc21,CL,'=',10,mL.min-1.kg-1,,,,,,,,,0,CHEMBL1614671,Clearance in human after iv administration,A,BAO_0000218,organism-based format,Homo sapiens,None,None,None,None,,,,CHEMBL612558,ADMET,,ADMET,CHEMBL1614632,1,Scientific Literature,Drug Metab Dispos,2008,None,,,,10
CHEMBL399510,BROMOPRIDE,3,344.25,0,2.11,Bromopride,CCN(CC)CCNC(=O)c1cc(Br)c(N)cc1OC,CL,'=',13,mL.min-1.kg-1,,,,,,,,,0,CHEMBL1614671,Clearance in human after iv administration,A,BAO_0000218,organism-based format,Homo sapiens,None,None,None,None,,,,CHEMBL612558,ADMET,,ADMET,CHEMBL1614632,1,Scientific Literature,Drug Metab Dispos,2008,None,,,,13
CHEMBL608806,COCAETHYLENE,1,317.39,0,2.26,Cocaethylene,CCOC(=O)[C@@H]1C2CCC(C[C@@H]1OC(=O)c1ccccc1)N2C,CL,'=',13,mL.min-1.kg-1,,,,,,,,,0,CHEMBL1614671,Clearance in human after iv administration,A,BAO_0000218,organism-based format,Homo sapiens,None,None,None,None,,,,CHEMBL612558,ADMET,,ADMET,CHEMBL1614632,1,Scientific Literature,Drug Metab Dispos,2008,None,,,,13
CHEMBL768,ESMOLOL,4,295.38,0,1.53,Esmolol,COC(=O)CCc1ccc(OCC(O)CNC(C)C)cc1,CL,'=',290,mL.min-1.kg-1,,,,,,,,,0,CHEMBL1614671,Clearance in human after iv administration,A,BAO_0000218,organism-based format,Homo sapiens,None,None,None,None,,,,CHEMBL612558,ADMET,,ADMET,CHEMBL1614632,1,Scientific Literature,Drug Metab Dispos,2008,None,,,,290
CHEMBL363295,TERODILINE,4,281.44,0,4.99,Terodiline,CC(CC(c1ccccc1)c1ccccc1)NC(C)(C)C,CL,'=',1.1,mL.min-1.kg-1,,,,,,,,,0,CHEMBL1614671,Clearance in human after iv administration,A,BAO_0000218,organism-based format,Homo sapiens,None,None,None,None,,,,CHEMBL612558,ADMET,,ADMET,CHEMBL1614632,1,Scientific Literature,Drug Metab Dispos,2008,None,,,,1.1
CHEMBL113,CAFFEINE,4,194.19,0,-1.03,Caffeine,Cn1c(=O)c2c(ncn2C)n(C)c1=O,CL,'=',1.4,mL.min-1.kg-1,,,,,,,,,0,CHEMBL1614671,Clearance in human after iv administration,A,BAO_0000218,organism-based format,Homo sapiens,None,None,None,None,,,,CHEMBL612558,ADMET,,ADMET,CHEMBL1614632,1,Scientific Literature,Drug Metab Dispos,2008,None,,,,1.4
CHEMBL351706,BMS-214662,1,489.63,0,4.17,BMS-214662,N#Cc1ccc2c(c1)CN(S(=O)(=O)c1cccs1)[C@H](Cc1ccccc1)CN2Cc1c[nH]cn1,CL,'=',9.6,mL.min-1.kg-1,,,,,,,,,0,CHEMBL1614671,Clearance in human after iv administration,A,BAO_0000218,organism-based format,Homo sapiens,None,None,None,None,,,,CHEMBL612558,ADMET,,ADMET,CHEMBL1614632,1,Scientific Literature,Drug Metab Dispos,2008,None,,,,9.6
CHEMBL170,QUININE,4,324.42,0,3.17,QN,C=C[C@H]1CN2CC[C@H]1C[C@H]2[C@H](O)c1ccnc2ccc(OC)cc12,CL,'=',1.9,mL.min-1.kg-1,,,,,,,,,0,CHEMBL1614671,Clearance in human after iv administration,A,BAO_0000218,organism-based format,Homo sapiens,None,None,None,None,,,,CHEMBL612558,ADMET,,ADMET,CHEMBL1614632,1,Scientific Literature,Drug Metab Dispos,2008,None,,,,1.9
CHEMBL32479,BROTIZOLAM,4,393.7,0,4.4,Brotizolam,Cc1nnc2n1-c1sc(Br)cc1C(c1ccccc1Cl)=NC2,CL,'=',2,mL.min-1.kg-1,,,,,,,,,0,CHEMBL1614671,Clearance in human after iv administration,A,BAO_0000218,organism-based format,Homo sapiens,None,None,None,None,,,,CHEMBL612558,ADMET,,ADMET,CHEMBL1614632,1,Scientific Literature,Drug Metab Dispos,2008,None,,,,2
CHEMBL691,ETHINYL ESTRADIOL,4,296.41,0,3.61,Ethinylestradiol,C#C[C@]1(O)CC[C@H]2[C@@H]3CCc4cc(O)ccc4[C@H]3CC[C@@]21C,CL,'=',7,mL.min-1.kg-1,,,,,,,,,0,CHEMBL1614671,Clearance in human after iv administration,A,BAO_0000218,organism-based format,Homo sapiens,None,None,None,None,,,,CHEMBL612558,ADMET,,ADMET,CHEMBL1614632,1,Scientific Literature,Drug Metab Dispos,2008,None,,,,7
CHEMBL1382,TOLTERODINE,4,325.5,1,5.34,Tolterodine,Cc1ccc(O)c([C@H](CCN(C(C)C)C(C)C)c2ccccc2)c1,CL,'=',8.4,mL.min-1.kg-1,,,,,,,,,0,CHEMBL1614671,Clearance in human after iv administration,A,BAO_0000218,organism-based format,Homo sapiens,None,None,None,None,,,,CHEMBL612558,ADMET,,ADMET,CHEMBL1614632,1,Scientific Literature,Drug Metab Dispos,2008,None,,,,8.4
CHEMBL877,TRANEXAMIC ACID,4,157.21,0,0.84,Tranexamic acid,NC[C@H]1CC[C@H](C(=O)O)CC1,CL,'=',2.4,mL.min-1.kg-1,,,,,,,,,0,CHEMBL1614671,Clearance in human after iv administration,A,BAO_0000218,organism-based format,Homo sapiens,None,None,None,None,,,,CHEMBL612558,ADMET,,ADMET,CHEMBL1614632,1,Scientific Literature,Drug Metab Dispos,2008,None,,,,2.4
CHEMBL282686,TESAGLITAZAR,3,408.47,0,2.68,Tesaglitazar,CCO[C@@H](Cc1ccc(OCCc2ccc(OS(C)(=O)=O)cc2)cc1)C(=O)O,CL,'=',0.039,mL.min-1.kg-1,,,,,,,,,0,CHEMBL1614671,Clearance in human after iv administration,A,BAO_0000218,organism-based format,Homo sapiens,None,None,None,None,,,,CHEMBL612558,ADMET,,ADMET,CHEMBL1614632,1,Scientific Literature,Drug Metab Dispos,2008,None,,,,0.039
CHEMBL254219,DIGITOXIN,4,764.95,2,3.25,Digitoxin,C[C@H]1O[C@@H](O[C@H]2[C@@H](O)C[C@H](O[C@H]3[C@@H](O)C[C@H](O[C@H]4CC[C@@]5(C)[C@H](CC[C@@H]6[C@@H]5CC[C@]5(C)[C@@H](C7=CC(=O)OC7)CC[C@]65O)C4)O[C@@H]3C)O[C@@H]2C)C[C@H](O)[C@@H]1O,CL,'=',0.043,mL.min-1.kg-1,,,,,,,,,0,CHEMBL1614671,Clearance in human after iv administration,A,BAO_0000218,organism-based format,Homo sapiens,None,None,None,None,,,,CHEMBL612558,ADMET,,ADMET,CHEMBL1614632,1,Scientific Literature,Drug Metab Dispos,2008,None,,,,0.043
CHEMBL897,PROBENECID,4,285.37,0,2.2,Probenecid,CCCN(CCC)S(=O)(=O)c1ccc(C(=O)O)cc1,CL,'=',0.25,mL.min-1.kg-1,,,,,,,,,0,CHEMBL1614671,Clearance in human after iv administration,A,BAO_0000218,organism-based format,Homo sapiens,None,None,None,None,,,,CHEMBL612558,ADMET,,ADMET,CHEMBL1614632,1,Scientific Literature,Drug Metab Dispos,2008,None,,,,0.25
CHEMBL511115,CILOMILAST,3,343.42,0,4.05,Cilomilast,COc1ccc([C@]2(C#N)CC[C@@H](C(=O)O)CC2)cc1OC1CCCC1,CL,'=',0.5,mL.min-1.kg-1,,,,,,,,,0,CHEMBL1614671,Clearance in human after iv administration,A,BAO_0000218,organism-based format,Homo sapiens,None,None,None,None,,,,CHEMBL612558,ADMET,,ADMET,CHEMBL1614632,1,Scientific Literature,Drug Metab Dispos,2008,None,,,,0.5
CHEMBL2303613,CEFODIZIME,2,584.68,2,1,Cefodizime,CO/N=C(\C(=O)N[C@@H]1C(=O)N2C(C(=O)O)=C(CSc3nc(C)c(CC(=O)O)s3)CS[C@H]12)c1csc(N)n1,CL,'=',0.61,mL.min-1.kg-1,,,,,,,,,0,CHEMBL1614671,Clearance in human after iv administration,A,BAO_0000218,organism-based format,Homo sapiens,None,None,None,None,,,,CHEMBL612558,ADMET,,ADMET,CHEMBL1614632,1,Scientific Literature,Drug Metab Dispos,2008,None,,,,0.61
CHEMBL407,FLUMAZENIL,4,303.29,0,1.77,Flumazenil,CCOC(=O)c1ncn2c1CN(C)C(=O)c1cc(F)ccc1-2,CL,'=',16,mL.min-1.kg-1,,,,,,,,,0,CHEMBL1614671,Clearance in human after iv administration,A,BAO_0000218,organism-based format,Homo sapiens,None,None,None,None,,,,CHEMBL612558,ADMET,,ADMET,CHEMBL1614632,1,Scientific Literature,Drug Metab Dispos,2008,None,,,,16
CHEMBL221886,SISOMICIN,3,447.53,2,-3.85,Sisomicin,CN[C@@H]1[C@@H](O)[C@@H](O[C@@H]2[C@@H](O)[C@H](O[C@H]3OC(CN)=CC[C@H]3N)[C@@H](N)C[C@H]2N)OC[C@]1(C)O,CL,'=',1,mL.min-1.kg-1,,,,,,,,,0,CHEMBL1614671,Clearance in human after iv administration,A,BAO_0000218,organism-based format,Homo sapiens,None,None,None,None,,,,CHEMBL612558,ADMET,,ADMET,CHEMBL1614632,1,Scientific Literature,Drug Metab Dispos,2008,None,,,,1
CHEMBL1024,IFOSFAMIDE,4,261.09,0,1.88,Ifosfamide,O=P1(NCCCl)OCCCN1CCCl,CL,'=',1.1,mL.min-1.kg-1,,,,,,,,,0,CHEMBL1614671,Clearance in human after iv administration,A,BAO_0000218,organism-based format,Homo sapiens,None,None,None,None,,,,CHEMBL612558,ADMET,,ADMET,CHEMBL1614632,1,Scientific Literature,Drug Metab Dispos,2008,None,,,,1.1
CHEMBL1384,KANAMYCIN,4,484.5,2,-7.29,Kanamycin,NC[C@H]1O[C@H](O[C@H]2[C@H](O)[C@@H](O[C@H]3O[C@H](CO)[C@@H](O)[C@H](N)[C@H]3O)[C@H](N)C[C@@H]2N)[C@H](O)[C@@H](O)[C@@H]1O,CL,'=',1.4,mL.min-1.kg-1,,,,,,,,,0,CHEMBL1614671,Clearance in human after iv administration,A,BAO_0000218,organism-based format,Homo sapiens,None,None,None,None,,,,CHEMBL612558,ADMET,,ADMET,CHEMBL1614632,1,Scientific Literature,Drug Metab Dispos,2008,None,,,,1.4
CHEMBL1256734,SULBENICILLIN,2,414.46,0,0.25,Sulbenicillin,CC1(C)S[C@@H]2[C@H](NC(=O)C(c3ccccc3)S(=O)(=O)O)C(=O)N2[C@H]1C(=O)O,CL,'=',1.6,mL.min-1.kg-1,,,,,,,,,0,CHEMBL1614671,Clearance in human after iv administration,A,BAO_0000218,organism-based format,Homo sapiens,None,None,None,None,,,,CHEMBL612558,ADMET,,ADMET,CHEMBL1614632,1,Scientific Literature,Drug Metab Dispos,2008,None,,,,1.6
CHEMBL1027,TIAGABINE,4,375.56,1,5.04,Tiagabine,Cc1ccsc1C(=CCCN1CCC[C@@H](C(=O)O)C1)c1sccc1C,CL,'=',1.6,mL.min-1.kg-1,,,,,,,,,0,CHEMBL1614671,Clearance in human after iv administration,A,BAO_0000218,organism-based format,Homo sapiens,None,None,None,None,,,,CHEMBL612558,ADMET,,ADMET,CHEMBL1614632,1,Scientific Literature,Drug Metab Dispos,2008,None,,,,1.6
CHEMBL1614664,PSEUDOHYPERICIN,None,520.45,2,4.26,Pseudohypericin,Cc1cc(O)c2c(=O)c3c(O)cc(O)c4c5c(O)cc(O)c6c(=O)c7c(O)cc(CO)c8c1c2c(c34)c(c65)c78,CL,'=',0.62,mL.min-1.kg-1,,,,,,,,,0,CHEMBL1614671,Clearance in human after iv administration,A,BAO_0000218,organism-based format,Homo sapiens,None,None,None,None,,,,CHEMBL612558,ADMET,,ADMET,CHEMBL1614632,1,Scientific Literature,Drug Metab Dispos,2008,None,,,,0.62
CHEMBL53292,ISOXICAM,4,335.34,0,1.48,Isoxicam,Cc1cc(NC(=O)C2=C(O)c3ccccc3S(=O)(=O)N2C)no1,CL,'=',0.07,mL.min-1.kg-1,,,,,,,,,0,CHEMBL1614671,Clearance in human after iv administration,A,BAO_0000218,organism-based format,Homo sapiens,None,None,None,None,,,,CHEMBL612558,ADMET,,ADMET,CHEMBL1614632,1,Scientific Literature,Drug Metab Dispos,2008,None,,,,0.07
CHEMBL34139,GENACONAZOLE,None,331.34,0,0.88,Genaconazole,C[C@H]([C@](O)(Cn1cncn1)c1ccc(F)cc1F)S(C)(=O)=O,CL,'=',0.19,mL.min-1.kg-1,,,,,,,,,0,CHEMBL1614671,Clearance in human after iv administration,A,BAO_0000218,organism-based format,Homo sapiens,None,None,None,None,,,,CHEMBL612558,ADMET,,ADMET,CHEMBL1614632,1,Scientific Literature,Drug Metab Dispos,2008,None,,,,0.19
CHEMBL520642,CEFTOBIPROLE,2,534.58,2,-1.44,Ceftobiprole,Nc1nc(/C(=N/O)C(=O)N[C@@H]2C(=O)N3C(C(=O)O)=C(/C=C4\CCN([C@@H]5CCNC5)C4=O)CS[C@H]23)ns1,CL,'=',1.5,mL.min-1.kg-1,,,,,,,,,0,CHEMBL1614671,Clearance in human after iv administration,A,BAO_0000218,organism-based format,Homo sapiens,None,None,None,None,,,,CHEMBL612558,ADMET,,ADMET,CHEMBL1614632,1,Scientific Literature,Drug Metab Dispos,2008,None,,,,1.5
CHEMBL467,HYDROXYUREA,4,76.05,0,-0.96,Hydroxyurea,NC(=O)NO,CL,'=',1.5,mL.min-1.kg-1,,,,,,,,,0,CHEMBL1614671,Clearance in human after iv administration,A,BAO_0000218,organism-based format,Homo sapiens,None,None,None,None,,,,CHEMBL612558,ADMET,,ADMET,CHEMBL1614632,1,Scientific Literature,Drug Metab Dispos,2008,None,,,,1.5
CHEMBL161,CEFTRIAXONE,4,554.59,2,-1.2,Ceftriaxone,CO/N=C(\C(=O)N[C@@H]1C(=O)N2C(C(=O)O)=C(CSc3nc(=O)c(O)nn3C)CS[C@H]12)c1csc(N)n1,CL,'=',0.26,mL.min-1.kg-1,,,,,,,,,0,CHEMBL1614671,Clearance in human after iv administration,A,BAO_0000218,organism-based format,Homo sapiens,None,None,None,None,,,,CHEMBL612558,ADMET,,ADMET,CHEMBL1614632,1,Scientific Literature,Drug Metab Dispos,2008,None,,,,0.26
CHEMBL276832,HYDRALAZINE,4,160.18,0,0.92,Hydralazine,NNc1nncc2ccccc12,CL,'=',85,mL.min-1.kg-1,,,,,,,,,0,CHEMBL1614671,Clearance in human after iv administration,A,BAO_0000218,organism-based format,Homo sapiens,None,None,None,None,,,,CHEMBL612558,ADMET,,ADMET,CHEMBL1614632,1,Scientific Literature,Drug Metab Dispos,2008,None,,,,85
CHEMBL264241,ANIDULAFUNGIN,4,1140.25,None,None,Anidulafungin,CCCCCOc1ccc(-c2ccc(-c3ccc(C(=O)N[C@H]4C[C@@H](O)[C@@H](O)NC(=O)[C@@H]5[C@@H](O)[C@@H](C)CN5C(=O)[C@H]([C@@H](C)O)NC(=O)[C@H]([C@H](O)[C@@H](O)c5ccc(O)cc5)NC(=O)[C@@H]5C[C@@H](O)CN5C(=O)[C@H]([C@@H](C)O)NC4=O)cc3)cc2)cc1,CL,'=',0.21,mL.min-1.kg-1,,,,,,,,,0,CHEMBL1614671,Clearance in human after iv administration,A,BAO_0000218,organism-based format,Homo sapiens,None,None,None,None,,,,CHEMBL612558,ADMET,,ADMET,CHEMBL1614632,1,Scientific Literature,Drug Metab Dispos,2008,None,,,,0.21
CHEMBL453,SULFISOXAZOLE,4,267.31,0,1.67,Sulfisoxazole,Cc1noc(NS(=O)(=O)c2ccc(N)cc2)c1C,CL,'=',0.3,mL.min-1.kg-1,,,,,,,,,0,CHEMBL1614671,Clearance in human after iv administration,A,BAO_0000218,organism-based format,Homo sapiens,None,None,None,None,,,,CHEMBL612558,ADMET,,ADMET,CHEMBL1614632,1,Scientific Literature,Drug Metab Dispos,2008,None,,,,0.3
CHEMBL448,PENTOBARBITAL,4,226.28,0,1.18,Pentobarbital,CCCC(C)C1(CC)C(=O)NC(=O)NC1=O,CL,'=',0.47,mL.min-1.kg-1,,,,,,,,,0,CHEMBL1614671,Clearance in human after iv administration,A,BAO_0000218,organism-based format,Homo sapiens,None,None,None,None,,,,CHEMBL612558,ADMET,,ADMET,CHEMBL1614632,1,Scientific Literature,Drug Metab Dispos,2008,None,,,,0.47
CHEMBL1481,GLIMEPIRIDE,4,490.63,0,3.07,Glimepiride,CCC1=C(C)CN(C(=O)NCCc2ccc(S(=O)(=O)NC(=O)N[C@H]3CC[C@H](C)CC3)cc2)C1=O,CL,'=',0.5,mL.min-1.kg-1,,,,,,,,,0,CHEMBL1614671,Clearance in human after iv administration,A,BAO_0000218,organism-based format,Homo sapiens,None,None,None,None,,,,CHEMBL612558,ADMET,,ADMET,CHEMBL1614632,1,Scientific Literature,Drug Metab Dispos,2008,None,,,,0.5
CHEMBL12856,INAMRINONE,4,187.2,0,1.02,Amrinone,Nc1cc(-c2ccncc2)c[nH]c1=O,CL,'=',8.9,mL.min-1.kg-1,,,,,,,,,0,CHEMBL1614671,Clearance in human after iv administration,A,BAO_0000218,organism-based format,Homo sapiens,None,None,None,None,,,,CHEMBL612558,ADMET,,ADMET,CHEMBL1614632,1,Scientific Literature,Drug Metab Dispos,2008,None,,,,8.9
CHEMBL1604,CEPHRADINE,4,349.41,0,0.35,Cephradine,CC1=C(C(=O)O)N2C(=O)[C@@H](NC(=O)[C@H](N)C3=CCC=CC3)[C@H]2SC1,CL,'=',3.3,mL.min-1.kg-1,,,,,,,,,0,CHEMBL1614671,Clearance in human after iv administration,A,BAO_0000218,organism-based format,Homo sapiens,None,None,None,None,,,,CHEMBL612558,ADMET,,ADMET,CHEMBL1614632,1,Scientific Literature,Drug Metab Dispos,2008,None,,,,3.3
CHEMBL645,BISOPROLOL,4,325.45,0,2.37,Bisoprolol,CC(C)NCC(O)COc1ccc(COCCOC(C)C)cc1,CL,'=',3.7,mL.min-1.kg-1,,,,,,,,,0,CHEMBL1614671,Clearance in human after iv administration,A,BAO_0000218,organism-based format,Homo sapiens,None,None,None,None,,,,CHEMBL612558,ADMET,,ADMET,CHEMBL1614632,1,Scientific Literature,Drug Metab Dispos,2008,None,,,,3.7
CHEMBL1201220,DIATRIZOIC ACID,4,613.91,1,3.12,Diatrizoic Acid,CC(=O)Nc1c(I)c(NC(C)=O)c(I)c(C(=O)O)c1I,CL,'=',1.7,mL.min-1.kg-1,,,,,,,,,0,CHEMBL1614671,Clearance in human after iv administration,A,BAO_0000218,organism-based format,Homo sapiens,None,None,None,None,,,,CHEMBL612558,ADMET,,ADMET,CHEMBL1614632,1,Scientific Literature,Drug Metab Dispos,2008,None,,,,1.7
CHEMBL1614655,TROSPECTOMYCIN,2,374.43,0,-1.76,Trospectomycin,CCCC[C@@H]1CC(=O)[C@]2(O)O[C@@H]3[C@@H](NC)[C@@H](O)[C@@H](NC)[C@H](O)[C@H]3O[C@@H]2O1,CL,'=',1.7,mL.min-1.kg-1,,,,,,,,,0,CHEMBL1614671,Clearance in human after iv administration,A,BAO_0000218,organism-based format,Homo sapiens,None,None,None,None,,,,CHEMBL612558,ADMET,,ADMET,CHEMBL1614632,1,Scientific Literature,Drug Metab Dispos,2008,None,,,,1.7
CHEMBL1219,RABEPRAZOLE,4,359.45,0,2.99,Rabeprazole,COCCCOc1ccnc(C[S+]([O-])c2nc3ccccc3[nH]2)c1C,CL,'=',4,mL.min-1.kg-1,,,,,,,,,0,CHEMBL1614671,Clearance in human after iv administration,A,BAO_0000218,organism-based format,Homo sapiens,None,None,None,None,,,,CHEMBL612558,ADMET,,ADMET,CHEMBL1614632,1,Scientific Literature,Drug Metab Dispos,2008,None,,,,4
CHEMBL65794,CEFPIROME,4,514.59,1,-1.04,Cefpirome,CO/N=C(\C(=O)N[C@@H]1C(=O)N2C(C(=O)[O-])=C(C[n+]3cccc4c3CCC4)CS[C@H]12)c1csc(N)n1,CL,'=',1.9,mL.min-1.kg-1,,,,,,,,,0,CHEMBL1614671,Clearance in human after iv administration,A,BAO_0000218,organism-based format,Homo sapiens,None,None,None,None,,,,CHEMBL612558,ADMET,,ADMET,CHEMBL1614632,1,Scientific Literature,Drug Metab Dispos,2008,None,,,,1.9
CHEMBL1230227,SABARUBICIN,2,643.64,3,-0.13,MEN-10755,C[C@@H]1O[C@@H](O[C@@H]2[C@H](C)O[C@@H](O[C@H]3C[C@](O)(C(=O)CO)Cc4c(O)c5c(c(O)c43)C(=O)c3ccccc3C5=O)C[C@@H]2O)C[C@H](N)[C@@H]1O,CL,'=',2.5,mL.min-1.kg-1,,,,,,,,,0,CHEMBL1614671,Clearance in human after iv administration,A,BAO_0000218,organism-based format,Homo sapiens,None,None,None,None,,,,CHEMBL612558,ADMET,,ADMET,CHEMBL1614632,1,Scientific Literature,Drug Metab Dispos,2008,None,,,,2.5
CHEMBL1614658,CARUMONAM,2,466.41,1,-2.88,Carumonam,NC(=O)OC[C@@H]1[C@H](NC(=O)/C(=N\OCC(=O)O)c2csc(N)n2)C(=O)N1S(=O)(=O)O,CL,'=',1.5,mL.min-1.kg-1,,,,,,,,,0,CHEMBL1614671,Clearance in human after iv administration,A,BAO_0000218,organism-based format,Homo sapiens,None,None,None,None,,,,CHEMBL612558,ADMET,,ADMET,CHEMBL1614632,1,Scientific Literature,Drug Metab Dispos,2008,None,,,,1.5
CHEMBL160629,CICAPROST,2,374.48,0,2.22,Cicaprost,CCC#CC[C@H](C)[C@H](O)C#C[C@@H]1[C@H]2C/C(=C/COCC(=O)O)C[C@H]2C[C@H]1O,CL,'=',3.8,mL.min-1.kg-1,,,,,,,,,0,CHEMBL1614671,Clearance in human after iv administration,A,BAO_0000218,organism-based format,Homo sapiens,None,None,None,None,,,,CHEMBL612558,ADMET,,ADMET,CHEMBL1614632,1,Scientific Literature,Drug Metab Dispos,2008,None,,,,3.8
CHEMBL1561,MIGLITOL,4,207.23,0,-3.26,Miglitol,OCCN1C[C@H](O)[C@@H](O)[C@H](O)[C@H]1CO,CL,'=',1.7,mL.min-1.kg-1,,,,,,,,,0,CHEMBL1614671,Clearance in human after iv administration,A,BAO_0000218,organism-based format,Homo sapiens,None,None,None,None,,,,CHEMBL612558,ADMET,,ADMET,CHEMBL1614632,1,Scientific Literature,Drug Metab Dispos,2008,None,,,,1.7
CHEMBL389847,TOMOPENEM,2,537.64,2,-1.85,Tomopenem,C[C@@H](O)[C@H]1C(=O)N2C(C(=O)O)=C(S[C@H]3C[C@@H](C(=O)N4CC[C@H](NC(=O)CNC(=N)N)C4)N(C)C3)[C@H](C)[C@H]12,CL,'=',1.9,mL.min-1.kg-1,,,,,,,,,0,CHEMBL1614671,Clearance in human after iv administration,A,BAO_0000218,organism-based format,Homo sapiens,None,None,None,None,,,,CHEMBL612558,ADMET,,ADMET,CHEMBL1614632,1,Scientific Literature,Drug Metab Dispos,2008,None,,,,1.9
CHEMBL481,IRINOTECAN,4,586.69,1,4.09,Irinotecan,CCc1c2c(nc3ccc(OC(=O)N4CCC(N5CCCCC5)CC4)cc13)-c1cc3c(c(=O)n1C2)COC(=O)[C@]3(O)CC,CL,'=',7,mL.min-1.kg-1,,,,,,,,,0,CHEMBL1614671,Clearance in human after iv administration,A,BAO_0000218,organism-based format,Homo sapiens,None,None,None,None,,,,CHEMBL612558,ADMET,,ADMET,CHEMBL1614632,1,Scientific Literature,Drug Metab Dispos,2008,None,,,,7
CHEMBL64,ISONIAZID,4,137.14,0,-0.31,Isoniazide,NNC(=O)c1ccncc1,CL,'=',7.4,mL.min-1.kg-1,,,,,,,,,0,CHEMBL1614671,Clearance in human after iv administration,A,BAO_0000218,organism-based format,Homo sapiens,None,None,None,None,,,,CHEMBL612558,ADMET,,ADMET,CHEMBL1614632,1,Scientific Literature,Drug Metab Dispos,2008,None,,,,7.4
CHEMBL1272,REPAGLINIDE,4,452.6,1,5.22,Repaglinide,CCOc1cc(CC(=O)N[C@@H](CC(C)C)c2ccccc2N2CCCCC2)ccc1C(=O)O,CL,'=',7.8,mL.min-1.kg-1,,,,,,,,,0,CHEMBL1614671,Clearance in human after iv administration,A,BAO_0000218,organism-based format,Homo sapiens,None,None,None,None,,,,CHEMBL612558,ADMET,,ADMET,CHEMBL1614632,1,Scientific Literature,Drug Metab Dispos,2008,None,,,,7.8
CHEMBL64360,ENIPORIDE,2,320.37,0,0.6,Eniporide,Cc1cc(-n2cccc2)c(S(C)(=O)=O)cc1C(=O)N=C(N)N,CL,'=',8.2,mL.min-1.kg-1,,,,,,,,,0,CHEMBL1614671,Clearance in human after iv administration,A,BAO_0000218,organism-based format,Homo sapiens,None,None,None,None,,,,CHEMBL612558,ADMET,,ADMET,CHEMBL1614632,1,Scientific Literature,Drug Metab Dispos,2008,None,,,,8.2
CHEMBL191,LOSARTAN,4,422.92,0,4.27,Losartan,CCCCc1nc(Cl)c(CO)n1Cc1ccc(-c2ccccc2-c2nnn[nH]2)cc1,CL,'=',8.2,mL.min-1.kg-1,,,,,,,,,0,CHEMBL1614671,Clearance in human after iv administration,A,BAO_0000218,organism-based format,Homo sapiens,None,None,None,None,,,,CHEMBL612558,ADMET,,ADMET,CHEMBL1614632,1,Scientific Literature,Drug Metab Dispos,2008,None,,,,8.2
CHEMBL2103764,CEFETAMET,2,397.44,0,-0.17,Cefetamet,CO/N=C(\C(=O)N[C@@H]1C(=O)N2C(C(=O)O)=C(C)CS[C@H]12)c1csc(N)n1,CL,'=',1.9,mL.min-1.kg-1,,,,,,,,,0,CHEMBL1614671,Clearance in human after iv administration,A,BAO_0000218,organism-based format,Homo sapiens,None,None,None,None,,,,CHEMBL612558,ADMET,,ADMET,CHEMBL1614632,1,Scientific Literature,Drug Metab Dispos,2008,None,,,,1.9
CHEMBL471,SOTALOL,4,272.37,0,1.09,Sotalol,CC(C)NCC(O)c1ccc(NS(C)(=O)=O)cc1,CL,'=',2,mL.min-1.kg-1,,,,,,,,,0,CHEMBL1614671,Clearance in human after iv administration,A,BAO_0000218,organism-based format,Homo sapiens,None,None,None,None,,,,CHEMBL612558,ADMET,,ADMET,CHEMBL1614632,1,Scientific Literature,Drug Metab Dispos,2008,None,,,,2
CHEMBL473,DOFETILIDE,4,441.58,0,1.98,Dofetilide,CN(CCOc1ccc(NS(C)(=O)=O)cc1)CCc1ccc(NS(C)(=O)=O)cc1,CL,'=',5.2,mL.min-1.kg-1,,,,,,,,,0,CHEMBL1614671,Clearance in human after iv administration,A,BAO_0000218,organism-based format,Homo sapiens,None,None,None,None,,,,CHEMBL612558,ADMET,,ADMET,CHEMBL1614632,1,Scientific Literature,Drug Metab Dispos,2008,None,,,,5.2
CHEMBL85,RISPERIDONE,4,410.49,0,3.59,Risperidone,Cc1nc2n(c(=O)c1CCN1CCC(c3noc4cc(F)ccc34)CC1)CCCC2,CL,'=',5.4,mL.min-1.kg-1,,,,,,,,,0,CHEMBL1614671,Clearance in human after iv administration,A,BAO_0000218,organism-based format,Homo sapiens,None,None,None,None,,,,CHEMBL612558,ADMET,,ADMET,CHEMBL1614632,1,Scientific Literature,Drug Metab Dispos,2008,None,,,,5.4
CHEMBL1679,LEUCOVORIN,4,473.45,1,-0.73,Folinic acid,Nc1nc(=O)c2c([nH]1)NCC(CNc1ccc(C(=O)N[C@@H](CCC(=O)O)C(=O)O)cc1)N2C=O,CL,'=',5.8,mL.min-1.kg-1,,,,,,,,,0,CHEMBL1614671,Clearance in human after iv administration,A,BAO_0000218,organism-based format,Homo sapiens,None,None,None,None,,,,CHEMBL612558,ADMET,,ADMET,CHEMBL1614632,1,Scientific Literature,Drug Metab Dispos,2008,None,,,,5.8
CHEMBL134,CLONIDINE,4,230.1,0,2.36,CLONIDINE,Clc1cccc(Cl)c1NC1=NCCN1,CL,'=',4,mL.min-1.kg-1,,,,,,,,,0,CHEMBL1614671,Clearance in human after iv administration,A,BAO_0000218,organism-based format,Homo sapiens,None,None,None,None,,,,CHEMBL612558,ADMET,,ADMET,CHEMBL1614632,1,Scientific Literature,Drug Metab Dispos,2008,None,,,,4
CHEMBL1614637,PHENETHICILLIN,2,364.42,0,1.09,Phenethicillin,CC(Oc1ccccc1)C(=O)N[C@@H]1C(=O)N2[C@@H]1SC(C)(C)[C@@H]2C(=O)O,CL,'=',4.2,mL.min-1.kg-1,,,,,,,,,0,CHEMBL1614671,Clearance in human after iv administration,A,BAO_0000218,organism-based format,Homo sapiens,None,None,None,None,,,,CHEMBL612558,ADMET,,ADMET,CHEMBL1614632,1,Scientific Literature,Drug Metab Dispos,2008,None,,,,4.2
CHEMBL862,GUANFACINE,4,246.1,0,1.55,Guanfacine,N=C(N)NC(=O)Cc1c(Cl)cccc1Cl,CL,'=',4.5,mL.min-1.kg-1,,,,,,,,,0,CHEMBL1614671,Clearance in human after iv administration,A,BAO_0000218,organism-based format,Homo sapiens,None,None,None,None,,,,CHEMBL612558,ADMET,,ADMET,CHEMBL1614632,1,Scientific Literature,Drug Metab Dispos,2008,None,,,,4.5
CHEMBL551786,RECAINAM,2,263.38,0,2.81,Recainam,Cc1cccc(C)c1NC(=O)NCCCNC(C)C,CL,'=',4.5,mL.min-1.kg-1,,,,,,,,,0,CHEMBL1614671,Clearance in human after iv administration,A,BAO_0000218,organism-based format,Homo sapiens,None,None,None,None,,,,CHEMBL612558,ADMET,,ADMET,CHEMBL1614632,1,Scientific Literature,Drug Metab Dispos,2008,None,,,,4.5
CHEMBL423,BETAXOLOL,4,307.43,0,2.39,Betaxolol,CC(C)NCC(O)COc1ccc(CCOCC2CC2)cc1,CL,'=',3.4,mL.min-1.kg-1,,,,,,,,,0,CHEMBL1614671,Clearance in human after iv administration,A,BAO_0000218,organism-based format,Homo sapiens,None,None,None,None,,,,CHEMBL612558,ADMET,,ADMET,CHEMBL1614632,1,Scientific Literature,Drug Metab Dispos,2008,None,,,,3.4
CHEMBL468,THALIDOMIDE,4,258.23,0,0.09,THALIDOMIDE,O=C1CCC(N2C(=O)c3ccccc3C2=O)C(=O)N1,CL,'=',3.4,mL.min-1.kg-1,,,,,,,,,0,CHEMBL1614671,Clearance in human after iv administration,A,BAO_0000218,organism-based format,Homo sapiens,None,None,None,None,,,,CHEMBL612558,ADMET,,ADMET,CHEMBL1614632,1,Scientific Literature,Drug Metab Dispos,2008,None,,,,3.4
CHEMBL139,DICLOFENAC,4,296.15,0,4.36,Diclofenac,O=C(O)Cc1ccccc1Nc1c(Cl)cccc1Cl,CL,'=',3.5,mL.min-1.kg-1,,,,,,,,,0,CHEMBL1614671,Clearance in human after iv administration,A,BAO_0000218,organism-based format,Homo sapiens,None,None,None,None,,,,CHEMBL612558,ADMET,,ADMET,CHEMBL1614632,1,Scientific Literature,Drug Metab Dispos,2008,None,,,,3.5
CHEMBL521589,BAMBUTEROL,3,367.45,0,2.23,Bambuterol,CN(C)C(=O)Oc1cc(OC(=O)N(C)C)cc(C(O)CNC(C)(C)C)c1,CL,'=',18,mL.min-1.kg-1,,,,,,,,,0,CHEMBL1614671,Clearance in human after iv administration,A,BAO_0000218,organism-based format,Homo sapiens,None,None,None,None,,,,CHEMBL612558,ADMET,,ADMET,CHEMBL1614632,1,Scientific Literature,Drug Metab Dispos,2008,None,,,,18
CHEMBL485,CODEINE,4,299.37,0,1.5,Codeine,COc1ccc2c3c1O[C@H]1[C@@H](O)C=C[C@H]4[C@@H](C2)N(C)CC[C@@]341,CL,'=',15,mL.min-1.kg-1,,,,,,,,,0,CHEMBL1614671,Clearance in human after iv administration,A,BAO_0000218,organism-based format,Homo sapiens,None,None,None,None,,,,CHEMBL612558,ADMET,,ADMET,CHEMBL1614632,1,Scientific Literature,Drug Metab Dispos,2008,None,,,,15
CHEMBL1009,LEVODOPA,4,197.19,0,0.05,Levodopa,N[C@@H](Cc1ccc(O)c(O)c1)C(=O)O,CL,'=',23,mL.min-1.kg-1,,,,,,,,,0,CHEMBL1614671,Clearance in human after iv administration,A,BAO_0000218,organism-based format,Homo sapiens,None,None,None,None,,,,CHEMBL612558,ADMET,,ADMET,CHEMBL1614632,1,Scientific Literature,Drug Metab Dispos,2008,None,,,,23
CHEMBL185,FLUOROURACIL,4,130.08,0,-0.8,5-fluorouracil,O=c1[nH]cc(F)c(=O)[nH]1,CL,'=',26,mL.min-1.kg-1,,,,,,,,,0,CHEMBL1614671,Clearance in human after iv administration,A,BAO_0000218,organism-based format,Homo sapiens,None,None,None,None,,,,CHEMBL612558,ADMET,,ADMET,CHEMBL1614632,1,Scientific Literature,Drug Metab Dispos,2008,None,,,,26
CHEMBL533,IBUTILIDE,4,384.59,0,4.16,Ibutilide,CCCCCCCN(CC)CCCC(O)c1ccc(NS(C)(=O)=O)cc1,CL,'=',26,mL.min-1.kg-1,,,,,,,,,0,CHEMBL1614671,Clearance in human after iv administration,A,BAO_0000218,organism-based format,Homo sapiens,None,None,None,None,,,,CHEMBL612558,ADMET,,ADMET,CHEMBL1614632,1,Scientific Literature,Drug Metab Dispos,2008,None,,,,26
CHEMBL27193,DILEVALOL,4,328.41,0,2.14,Dilevalol,C[C@H](CCc1ccccc1)NC[C@H](O)c1ccc(O)c(C(N)=O)c1,CL,'=',29,mL.min-1.kg-1,,,,,,,,,0,CHEMBL1614671,Clearance in human after iv administration,A,BAO_0000218,organism-based format,Homo sapiens,None,None,None,None,,,,CHEMBL612558,ADMET,,ADMET,CHEMBL1614632,1,Scientific Literature,Drug Metab Dispos,2008,None,,,,29
CHEMBL1200500,BECLOMETHASONE DIPROPIONATE,4,521.05,1,4.09,Beclomethasone dipropionate,CCC(=O)OCC(=O)[C@@]1(OC(=O)CC)[C@@H](C)C[C@H]2[C@@H]3CCC4=CC(=O)C=C[C@]4(C)[C@@]3(Cl)[C@@H](O)C[C@@]21C,CL,'=',36,mL.min-1.kg-1,,,,,,,,,0,CHEMBL1614671,Clearance in human after iv administration,A,BAO_0000218,organism-based format,Homo sapiens,None,None,None,None,,,,CHEMBL612558,ADMET,,ADMET,CHEMBL1614632,1,Scientific Literature,Drug Metab Dispos,2008,None,,,,36
CHEMBL76370,TEGASEROD,4,301.39,0,2.81,Tegaserod,CCCCCNC(=N)N/N=C/c1c[nH]c2ccc(OC)cc12,CL,'=',18,mL.min-1.kg-1,,,,,,,,,0,CHEMBL1614671,Clearance in human after iv administration,A,BAO_0000218,organism-based format,Homo sapiens,None,None,None,None,,,,CHEMBL612558,ADMET,,ADMET,CHEMBL1614632,1,Scientific Literature,Drug Metab Dispos,2008,None,,,,18
CHEMBL511142,BUPRENORPHINE,4,467.65,0,4.41,Buprenorphine,CO[C@@]12CC[C@@]3(C[C@@H]1[C@](C)(O)C(C)(C)C)[C@H]1Cc4ccc(O)c5c4[C@@]3(CCN1CC1CC1)[C@H]2O5,CL,'=',19,mL.min-1.kg-1,,,,,,,,,0,CHEMBL1614671,Clearance in human after iv administration,A,BAO_0000218,organism-based format,Homo sapiens,None,None,None,None,,,,CHEMBL612558,ADMET,,ADMET,CHEMBL1614632,1,Scientific Literature,Drug Metab Dispos,2008,None,,,,19
CHEMBL539456,2-HYDROXYIMIPRAMINE,None,296.41,0,3.58,2-Hydroxyimipramine,CN(C)CCCN1c2ccccc2CCc2cc(O)ccc21,CL,'=',9.2,mL.min-1.kg-1,,,,,,,,,0,CHEMBL1614671,Clearance in human after iv administration,A,BAO_0000218,organism-based format,Homo sapiens,None,None,None,None,,,,CHEMBL612558,ADMET,,ADMET,CHEMBL1614632,1,Scientific Literature,Drug Metab Dispos,2008,None,,,,9.2
CHEMBL2051956,DEXNIGULDIPINE,2,609.72,2,6.02,Dexniguldipine,COC(=O)C1=C(C)NC(C)=C(C(=O)OCCCN2CCC(c3ccccc3)(c3ccccc3)CC2)[C@@H]1c1cccc([N+](=O)[O-])c1,CL,'=',9.3,mL.min-1.kg-1,,,,,,,,,0,CHEMBL1614671,Clearance in human after iv administration,A,BAO_0000218,organism-based format,Homo sapiens,None,None,None,None,,,,CHEMBL612558,ADMET,,ADMET,CHEMBL1614632,1,Scientific Literature,Drug Metab Dispos,2008,None,,,,9.3
CHEMBL1504,TRIAMCINOLONE ACETONIDE,4,434.5,0,2.42,Triamcinolone Acetonide,CC1(C)O[C@@H]2C[C@H]3[C@@H]4CCC5=CC(=O)C=C[C@]5(C)[C@@]4(F)[C@@H](O)C[C@]3(C)[C@]2(C(=O)CO)O1,CL,'=',9.4,mL.min-1.kg-1,,,,,,,,,0,CHEMBL1614671,Clearance in human after iv administration,A,BAO_0000218,organism-based format,Homo sapiens,None,None,None,None,,,,CHEMBL612558,ADMET,,ADMET,CHEMBL1614632,1,Scientific Literature,Drug Metab Dispos,2008,None,,,,9.4
CHEMBL18116,TOLOXATONE,4,207.23,0,1.31,Toloxatone,Cc1cccc(N2CC(CO)OC2=O)c1,CL,'=',11,mL.min-1.kg-1,,,,,,,,,0,CHEMBL1614671,Clearance in human after iv administration,A,BAO_0000218,organism-based format,Homo sapiens,None,None,None,None,,,,CHEMBL612558,ADMET,,ADMET,CHEMBL1614632,1,Scientific Literature,Drug Metab Dispos,2008,None,,,,11
CHEMBL450449,TRABECTEDIN,4,761.85,2,3.41,Trabectedin,COc1cc2c(cc1O)CCN[C@]21CS[C@@H]2c3c(OC(C)=O)c(C)c4c(c3[C@H](COC1=O)N1[C@@H]2[C@H]2c3c(cc(C)c(OC)c3O)C[C@@H]([C@@H]1O)N2C)OCO4,CL,'=',12,mL.min-1.kg-1,,,,,,,,,0,CHEMBL1614671,Clearance in human after iv administration,A,BAO_0000218,organism-based format,Homo sapiens,None,None,None,None,,,,CHEMBL612558,ADMET,,ADMET,CHEMBL1614632,1,Scientific Literature,Drug Metab Dispos,2008,None,,,,12
CHEMBL23,DILTIAZEM,4,414.53,0,3.37,Diltiazem,COc1ccc([C@@H]2Sc3ccccc3N(CCN(C)C)C(=O)[C@@H]2OC(C)=O)cc1,CL,'=',13,mL.min-1.kg-1,,,,,,,,,0,CHEMBL1614671,Clearance in human after iv administration,A,BAO_0000218,organism-based format,Homo sapiens,None,None,None,None,,,,CHEMBL612558,ADMET,,ADMET,CHEMBL1614632,1,Scientific Literature,Drug Metab Dispos,2008,None,,,,13
CHEMBL114,SAQUINAVIR,4,670.86,1,3.09,Saquinavir,CC(C)(C)NC(=O)[C@@H]1C[C@@H]2CCCC[C@@H]2CN1C[C@@H](O)[C@H](Cc1ccccc1)NC(=O)[C@H](CC(N)=O)NC(=O)c1ccc2ccccc2n1,CL,'=',13,mL.min-1.kg-1,,,,,,,,,0,CHEMBL1614671,Clearance in human after iv administration,A,BAO_0000218,organism-based format,Homo sapiens,None,None,None,None,,,,CHEMBL612558,ADMET,,ADMET,CHEMBL1614632,1,Scientific Literature,Drug Metab Dispos,2008,None,,,,13
CHEMBL1294,QUINIDINE,4,324.42,0,3.17,Quinidine,C=C[C@H]1CN2CC[C@H]1C[C@@H]2[C@@H](O)c1ccnc2ccc(OC)cc12,CL,'=',4,mL.min-1.kg-1,,,,,,,,,0,CHEMBL1614671,Clearance in human after iv administration,A,BAO_0000218,organism-based format,Homo sapiens,None,None,None,None,,,,CHEMBL612558,ADMET,,ADMET,CHEMBL1614632,1,Scientific Literature,Drug Metab Dispos,2008,None,,,,4
CHEMBL278255,CLINAFLOXACIN,2,365.79,0,2.36,Clinafloxacin,NC1CCN(c2c(F)cc3c(=O)c(C(=O)O)cn(C4CC4)c3c2Cl)C1,CL,'=',4.7,mL.min-1.kg-1,,,,,,,,,0,CHEMBL1614671,Clearance in human after iv administration,A,BAO_0000218,organism-based format,Homo sapiens,None,None,None,None,,,,CHEMBL612558,ADMET,,ADMET,CHEMBL1614632,1,Scientific Literature,Drug Metab Dispos,2008,None,,,,4.7
CHEMBL596,FENTANYL,4,336.48,0,4.14,Fentanyl,CCC(=O)N(c1ccccc1)C1CCN(CCc2ccccc2)CC1,CL,'=',4.7,mL.min-1.kg-1,,,,,,,,,0,CHEMBL1614671,Clearance in human after iv administration,A,BAO_0000218,organism-based format,Homo sapiens,None,None,None,None,,,,CHEMBL612558,ADMET,,ADMET,CHEMBL1614632,1,Scientific Literature,Drug Metab Dispos,2008,None,,,,4.7
CHEMBL629,AMITRIPTYLINE,4,277.41,0,4.17,Amitriptyline,CN(C)CCC=C1c2ccccc2CCc2ccccc21,CL,'=',6.1,mL.min-1.kg-1,,,,,,,,,0,CHEMBL1614671,Clearance in human after iv administration,A,BAO_0000218,organism-based format,Homo sapiens,None,None,None,None,,,,CHEMBL612558,ADMET,,ADMET,CHEMBL1614632,1,Scientific Literature,Drug Metab Dispos,2008,None,,,,6.1
CHEMBL1311,ISOSORBIDE MONONITRATE,4,191.14,0,-1.28,Isosorbide-2-Mononitrate,O=[N+]([O-])O[C@@H]1CO[C@H]2[C@@H]1OC[C@@H]2O,CL,'=',6.2,mL.min-1.kg-1,,,,,,,,,0,CHEMBL1614671,Clearance in human after iv administration,A,BAO_0000218,organism-based format,Homo sapiens,None,None,None,None,,,,CHEMBL612558,ADMET,,ADMET,CHEMBL1614632,1,Scientific Literature,Drug Metab Dispos,2008,None,,,,6.2
CHEMBL428647,PACLITAXEL,4,853.92,2,3.74,Paclitaxel,CC(=O)O[C@H]1C(=O)[C@@]2(C)[C@H]([C@H](OC(=O)c3ccccc3)[C@]3(O)C[C@H](OC(=O)[C@H](O)[C@@H](NC(=O)c4ccccc4)c4ccccc4)C(C)=C1C3(C)C)[C@]1(OC(C)=O)CO[C@@H]1C[C@@H]2O,CL,'=',6.4,mL.min-1.kg-1,,,,,,,,,0,CHEMBL1614671,Clearance in human after iv administration,A,BAO_0000218,organism-based format,Homo sapiens,None,None,None,None,,,,CHEMBL612558,ADMET,,ADMET,CHEMBL1614632,1,Scientific Literature,Drug Metab Dispos,2008,None,,,,6.4
CHEMBL1278,NARATRIPTAN,4,335.47,0,2.07,Naratriptan,CNS(=O)(=O)CCc1ccc2[nH]cc(C3CCN(C)CC3)c2c1,CL,'=',6.6,mL.min-1.kg-1,,,,,,,,,0,CHEMBL1614671,Clearance in human after iv administration,A,BAO_0000218,organism-based format,Homo sapiens,None,None,None,None,,,,CHEMBL612558,ADMET,,ADMET,CHEMBL1614632,1,Scientific Literature,Drug Metab Dispos,2008,None,,,,6.6
CHEMBL1491,AMLODIPINE,4,408.88,0,2.27,Amlodipine,CCOC(=O)C1=C(COCCN)NC(C)=C(C(=O)OC)C1c1ccccc1Cl,CL,'=',7,mL.min-1.kg-1,,,,,,,,,0,CHEMBL1614671,Clearance in human after iv administration,A,BAO_0000218,organism-based format,Homo sapiens,None,None,None,None,,,,CHEMBL612558,ADMET,,ADMET,CHEMBL1614632,1,Scientific Literature,Drug Metab Dispos,2008,None,,,,7
CHEMBL714,ALBUTEROL,4,239.31,0,1.31,Albuterol,CC(C)(C)NCC(O)c1ccc(O)c(CO)c1,CL,'=',7.8,mL.min-1.kg-1,,,,,,,,,0,CHEMBL1614671,Clearance in human after iv administration,A,BAO_0000218,organism-based format,Homo sapiens,None,None,None,None,,,,CHEMBL612558,ADMET,,ADMET,CHEMBL1614632,1,Scientific Literature,Drug Metab Dispos,2008,None,,,,7.8
CHEMBL483,TENOFOVIR ANHYDROUS,3,287.22,0,-0.05,Tenofovir,C[C@H](Cn1cnc2c(N)ncnc21)OCP(=O)(O)O,CL,'=',3.1,mL.min-1.kg-1,,,,,,,,,0,CHEMBL1614671,Clearance in human after iv administration,A,BAO_0000218,organism-based format,Homo sapiens,None,None,None,None,,,,CHEMBL612558,ADMET,,ADMET,CHEMBL1614632,1,Scientific Literature,Drug Metab Dispos,2008,None,,,,3.1
CHEMBL35,FUROSEMIDE,4,330.75,0,1.89,Furosemide,NS(=O)(=O)c1cc(C(=O)O)c(NCc2ccco2)cc1Cl,CL,'=',1.6,mL.min-1.kg-1,,,,,,,,,0,CHEMBL1614671,Clearance in human after iv administration,A,BAO_0000218,organism-based format,Homo sapiens,None,None,None,None,,,,CHEMBL612558,ADMET,,ADMET,CHEMBL1614632,1,Scientific Literature,Drug Metab Dispos,2008,None,,,,1.6
CHEMBL674,OSELTAMIVIR CARBOXYLATE,-1,284.36,0,0.81,OSC,CCC(CC)O[C@@H]1C=C(C(=O)O)C[C@H](N)[C@H]1NC(C)=O,CL,'=',4.8,mL.min-1.kg-1,,,,,,,,,0,CHEMBL1614671,Clearance in human after iv administration,A,BAO_0000218,organism-based format,Homo sapiens,None,None,None,None,,,,CHEMBL612558,ADMET,,ADMET,CHEMBL1614632,1,Scientific Literature,Drug Metab Dispos,2008,None,,,,4.8
CHEMBL112,ACETAMINOPHEN,4,151.16,0,1.35,Acetaminophen,CC(=O)Nc1ccc(O)cc1,CL,'=',5,mL.min-1.kg-1,,,,,,,,,0,CHEMBL1614671,Clearance in human after iv administration,A,BAO_0000218,organism-based format,Homo sapiens,None,None,None,None,,,,CHEMBL612558,ADMET,,ADMET,CHEMBL1614632,1,Scientific Literature,Drug Metab Dispos,2008,None,,,,5
CHEMBL13960,DICHLOROACETIC ACID,3,128.94,0,0.87,Dichloroacetic Acid,O=C(O)C(Cl)Cl,CL,'=',5.3,mL.min-1.kg-1,,,,,,,,,0,CHEMBL1614671,Clearance in human after iv administration,A,BAO_0000218,organism-based format,Homo sapiens,None,None,None,None,,,,CHEMBL612558,ADMET,,ADMET,CHEMBL1614632,1,Scientific Literature,Drug Metab Dispos,2008,None,,,,5.3
CHEMBL46,ONDANSETRON,4,293.37,0,3.13,ONDANSETRON,Cc1nccn1CC1CCc2c(c3ccccc3n2C)C1=O,CL,'=',5.8,mL.min-1.kg-1,,,,,,,,,0,CHEMBL1614671,Clearance in human after iv administration,A,BAO_0000218,organism-based format,Homo sapiens,None,None,None,None,,,,CHEMBL612558,ADMET,,ADMET,CHEMBL1614632,1,Scientific Literature,Drug Metab Dispos,2008,None,,,,5.8
CHEMBL709,ALFUZOSIN,4,389.46,0,1.35,Alfuzosin,COc1cc2nc(N(C)CCCNC(=O)C3CCCO3)nc(N)c2cc1OC,CL,'=',5.9,mL.min-1.kg-1,,,,,,,,,0,CHEMBL1614671,Clearance in human after iv administration,A,BAO_0000218,organism-based format,Homo sapiens,None,None,None,None,,,,CHEMBL612558,ADMET,,ADMET,CHEMBL1614632,1,Scientific Literature,Drug Metab Dispos,2008,None,,,,5.9
CHEMBL428690,ALVOCIDIB,3,401.85,0,3.3,FLA,CN1CC[C@H](c2c(O)cc(O)c3c(=O)cc(-c4ccccc4Cl)oc23)[C@H](O)C1,CL,'=',6.1,mL.min-1.kg-1,,,,,,,,,0,CHEMBL1614671,Clearance in human after iv administration,A,BAO_0000218,organism-based format,Homo sapiens,None,None,None,None,,,,CHEMBL612558,ADMET,,ADMET,CHEMBL1614632,1,Scientific Literature,Drug Metab Dispos,2008,None,,,,6.1
CHEMBL939,GEFITINIB,4,446.91,0,4.28,Gefitinib,COc1cc2ncnc(Nc3ccc(F)c(Cl)c3)c2cc1OCCCN1CCOCC1,CL,'=',12,mL.min-1.kg-1,,,,,,,,,0,CHEMBL1614671,Clearance in human after iv administration,A,BAO_0000218,organism-based format,Homo sapiens,None,None,None,None,,,,CHEMBL612558,ADMET,,ADMET,CHEMBL1614632,1,Scientific Literature,Drug Metab Dispos,2008,None,,,,12
CHEMBL24646,PIMOBENDAN,2,334.38,0,3.1,Pimobendan,COc1ccc(-c2nc3cc(C4=NNC(=O)CC4C)ccc3[nH]2)cc1,CL,'=',14,mL.min-1.kg-1,,,,,,,,,0,CHEMBL1614671,Clearance in human after iv administration,A,BAO_0000218,organism-based format,Homo sapiens,None,None,None,None,,,,CHEMBL612558,ADMET,,ADMET,CHEMBL1614632,1,Scientific Literature,Drug Metab Dispos,2008,None,,,,14
CHEMBL1436,CEFUROXIME,4,424.39,0,-0.54,Cefuroxime,CO/N=C(\C(=O)N[C@@H]1C(=O)N2C(C(=O)O)=C(COC(N)=O)CS[C@H]12)c1ccco1,CL,'=',2.2,mL.min-1.kg-1,,,,,,,,,0,CHEMBL1614671,Clearance in human after iv administration,A,BAO_0000218,organism-based format,Homo sapiens,None,None,None,None,,,,CHEMBL612558,ADMET,,ADMET,CHEMBL1614632,1,Scientific Literature,Drug Metab Dispos,2008,None,,,,2.2
CHEMBL206025,LOXIGLUMIDE,2,461.39,0,4.01,Loxiglumide,CCCCCN(CCCOC)C(=O)C(CCC(=O)O)NC(=O)c1ccc(Cl)c(Cl)c1,CL,'=',1,mL.min-1.kg-1,,,,,,,,,0,CHEMBL1614671,Clearance in human after iv administration,A,BAO_0000218,organism-based format,Homo sapiens,None,None,None,None,,,,CHEMBL612558,ADMET,,ADMET,CHEMBL1614632,1,Scientific Literature,Drug Metab Dispos,2008,None,,,,1
CHEMBL1200455,IOHEXOL,4,821.14,2,-1.63,Iohexol,CC(=O)N(CC(O)CO)c1c(I)c(C(=O)NCC(O)CO)c(I)c(C(=O)NCC(O)CO)c1I,CL,'=',2,mL.min-1.kg-1,,,,,,,,,0,CHEMBL1614671,Clearance in human after iv administration,A,BAO_0000218,organism-based format,Homo sapiens,None,None,None,None,,,,CHEMBL612558,ADMET,,ADMET,CHEMBL1614632,1,Scientific Literature,Drug Metab Dispos,2008,None,,,,2
CHEMBL1447,LINCOMYCIN,4,406.55,0,-0.86,Lincomycin,CCC[C@@H]1C[C@@H](C(=O)N[C@@H]([C@H]2O[C@H](SC)[C@H](O)[C@@H](O)[C@H]2O)[C@@H](C)O)N(C)C1,CL,'=',2.1,mL.min-1.kg-1,,,,,,,,,0,CHEMBL1614671,Clearance in human after iv administration,A,BAO_0000218,organism-based format,Homo sapiens,None,None,None,None,,,,CHEMBL612558,ADMET,,ADMET,CHEMBL1614632,1,Scientific Literature,Drug Metab Dispos,2008,None,,,,2.1
CHEMBL1460,DIDANOSINE,4,236.23,0,-0.21,Didanosine,O=c1[nH]cnc2c1ncn2[C@H]1CC[C@@H](CO)O1,CL,'=',11,mL.min-1.kg-1,,,,,,,,,0,CHEMBL1614671,Clearance in human after iv administration,A,BAO_0000218,organism-based format,Homo sapiens,None,None,None,None,,,,CHEMBL612558,ADMET,,ADMET,CHEMBL1614632,1,Scientific Literature,Drug Metab Dispos,2008,None,,,,11
CHEMBL1480,FELODIPINE,4,384.26,0,3.96,Felodipine,CCOC(=O)C1=C(C)NC(C)=C(C(=O)OC)C1c1cccc(Cl)c1Cl,CL,'=',11,mL.min-1.kg-1,,,,,,,,,0,CHEMBL1614671,Clearance in human after iv administration,A,BAO_0000218,organism-based format,Homo sapiens,None,None,None,None,,,,CHEMBL612558,ADMET,,ADMET,CHEMBL1614632,1,Scientific Literature,Drug Metab Dispos,2008,None,,,,11
CHEMBL1496,ROSUVASTATIN,4,481.55,0,2.4,Rosuvastatin,CC(C)c1nc(N(C)S(C)(=O)=O)nc(-c2ccc(F)cc2)c1/C=C/[C@@H](O)C[C@@H](O)CC(=O)O,CL,'=',11,mL.min-1.kg-1,,,,,,,,,0,CHEMBL1614671,Clearance in human after iv administration,A,BAO_0000218,organism-based format,Homo sapiens,None,None,None,None,,,,CHEMBL612558,ADMET,,ADMET,CHEMBL1614632,1,Scientific Literature,Drug Metab Dispos,2008,None,,,,11
CHEMBL1614644,IMIPRAMINOXIDE,2,296.41,0,3.89,Imipramine N-oxide,C[N+](C)([O-])CCCN1c2ccccc2CCc2ccccc21,CL,'=',12,mL.min-1.kg-1,,,,,,,,,0,CHEMBL1614671,Clearance in human after iv administration,A,BAO_0000218,organism-based format,Homo sapiens,None,None,None,None,,,,CHEMBL612558,ADMET,,ADMET,CHEMBL1614632,1,Scientific Literature,Drug Metab Dispos,2008,None,,,,12
CHEMBL86882,ETILEFRINE,2,181.24,0,1.04,Etilefrine,CCNCC(O)c1cccc(O)c1,CL,'=',14,mL.min-1.kg-1,,,,,,,,,0,CHEMBL1614671,Clearance in human after iv administration,A,BAO_0000218,organism-based format,Homo sapiens,None,None,None,None,,,,CHEMBL612558,ADMET,,ADMET,CHEMBL1614632,1,Scientific Literature,Drug Metab Dispos,2008,None,,,,14
CHEMBL1077,BROMFENAC,4,334.17,0,2.89,Bromfenac,Nc1c(CC(=O)O)cccc1C(=O)c1ccc(Br)cc1,CL,'=',1.3,mL.min-1.kg-1,,,,,,,,,0,CHEMBL1614671,Clearance in human after iv administration,A,BAO_0000218,organism-based format,Homo sapiens,None,None,None,None,,,,CHEMBL612558,ADMET,,ADMET,CHEMBL1614632,1,Scientific Literature,Drug Metab Dispos,2008,None,,,,1.3
CHEMBL267648,PEFLOXACIN,2,333.36,0,1.61,PEF,CCn1cc(C(=O)O)c(=O)c2cc(F)c(N3CCN(C)CC3)cc21,CL,'=',2,mL.min-1.kg-1,,,,,,,,,0,CHEMBL1614671,Clearance in human after iv administration,A,BAO_0000218,organism-based format,Homo sapiens,None,None,None,None,,,,CHEMBL612558,ADMET,,ADMET,CHEMBL1614632,1,Scientific Literature,Drug Metab Dispos,2008,None,,,,2
CHEMBL34259,METHOTREXATE,4,454.45,0,0.27,Methotrexate,CN(Cc1cnc2nc(N)nc(N)c2n1)c1ccc(C(=O)N[C@@H](CCC(=O)O)C(=O)O)cc1,CL,'=',2.1,mL.min-1.kg-1,,,,,,,,,0,CHEMBL1614671,Clearance in human after iv administration,A,BAO_0000218,organism-based format,Homo sapiens,None,None,None,None,,,,CHEMBL612558,ADMET,,ADMET,CHEMBL1614632,1,Scientific Literature,Drug Metab Dispos,2008,None,,,,2.1
CHEMBL4303669,ZOLEDRONIC ACID,4,290.11,0,-1.12,Zoledronic Acid,O.O=P(O)(O)C(O)(Cn1ccnc1)P(=O)(O)O,CL,'=',2.2,mL.min-1.kg-1,,,,,,,,,0,CHEMBL1614671,Clearance in human after iv administration,A,BAO_0000218,organism-based format,Homo sapiens,None,None,None,None,,,,CHEMBL612558,ADMET,,ADMET,CHEMBL1614632,1,Scientific Literature,Drug Metab Dispos,2008,None,,,,2.2
CHEMBL514432,GINKOLIDE B,None,424.4,0,-1.37,Ginkgolide B,C[C@@H]1C(=O)O[C@H]2[C@H](O)[C@@]34[C@H]5C[C@@H](C(C)(C)C)[C@]36[C@@H](OC(=O)[C@@H]6O)O[C@@]4(C(=O)O5)[C@@]12O,CL,'=',2.3,mL.min-1.kg-1,,,,,,,,,0,CHEMBL1614671,Clearance in human after iv administration,A,BAO_0000218,organism-based format,Homo sapiens,None,None,None,None,,,,CHEMBL612558,ADMET,,ADMET,CHEMBL1614632,1,Scientific Literature,Drug Metab Dispos,2008,None,,,,2.3
CHEMBL222645,FLOXACILLIN,3,453.88,0,2.69,Flucloxacillin,Cc1onc(-c2c(F)cccc2Cl)c1C(=O)N[C@@H]1C(=O)N2[C@@H]1SC(C)(C)[C@@H]2C(=O)O,CL,'=',2.4,mL.min-1.kg-1,,,,,,,,,0,CHEMBL1614671,Clearance in human after iv administration,A,BAO_0000218,organism-based format,Homo sapiens,None,None,None,None,,,,CHEMBL612558,ADMET,,ADMET,CHEMBL1614632,1,Scientific Literature,Drug Metab Dispos,2008,None,,,,2.4
CHEMBL1201300,IOTHALAMIC ACID,4,613.91,1,2.52,Iothalamic acid,CNC(=O)c1c(I)c(NC(C)=O)c(I)c(C(=O)O)c1I,CL,'=',2.4,mL.min-1.kg-1,,,,,,,,,0,CHEMBL1614671,Clearance in human after iv administration,A,BAO_0000218,organism-based format,Homo sapiens,None,None,None,None,,,,CHEMBL612558,ADMET,,ADMET,CHEMBL1614632,1,Scientific Literature,Drug Metab Dispos,2008,None,,,,2.4
CHEMBL32,MOXIFLOXACIN,4,401.44,0,2.37,MXF,COc1c(N2C[C@@H]3CCCN[C@@H]3C2)c(F)cc2c(=O)c(C(=O)O)cn(C3CC3)c12,CL,'=',2.4,mL.min-1.kg-1,,,,,,,,,0,CHEMBL1614671,Clearance in human after iv administration,A,BAO_0000218,organism-based format,Homo sapiens,None,None,None,None,,,,CHEMBL612558,ADMET,,ADMET,CHEMBL1614632,1,Scientific Literature,Drug Metab Dispos,2008,None,,,,2.4
CHEMBL24,ATENOLOL,4,266.34,0,0.45,Atenolol,CC(C)NCC(O)COc1ccc(CC(N)=O)cc1,CL,'=',2.5,mL.min-1.kg-1,,,,,,,,,0,CHEMBL1614671,Clearance in human after iv administration,A,BAO_0000218,organism-based format,Homo sapiens,None,None,None,None,,,,CHEMBL612558,ADMET,,ADMET,CHEMBL1614632,1,Scientific Literature,Drug Metab Dispos,2008,None,,,,2.5
CHEMBL1072,BUMETANIDE,4,364.42,0,3.04,Bumetanide,CCCCNc1cc(C(=O)O)cc(S(N)(=O)=O)c1Oc1ccccc1,CL,'=',2.5,mL.min-1.kg-1,,,,,,,,,0,CHEMBL1614671,Clearance in human after iv administration,A,BAO_0000218,organism-based format,Homo sapiens,None,None,None,None,,,,CHEMBL612558,ADMET,,ADMET,CHEMBL1614632,1,Scientific Literature,Drug Metab Dispos,2008,None,,,,2.5
CHEMBL513301,TRIMAZOSIN,2,435.48,0,1.27,Trimazosin,COc1cc2c(N)nc(N3CCN(C(=O)OCC(C)(C)O)CC3)nc2c(OC)c1OC,CL,'=',0.96,mL.min-1.kg-1,,,,,,,,,0,CHEMBL1614671,Clearance in human after iv administration,A,BAO_0000218,organism-based format,Homo sapiens,None,None,None,None,,,,CHEMBL612558,ADMET,,ADMET,CHEMBL1614632,1,Scientific Literature,Drug Metab Dispos,2008,None,,,,0.96
CHEMBL177,AMIKACIN,4,585.61,3,-8.42,AMK,NCC[C@H](O)C(=O)N[C@@H]1C[C@H](N)[C@@H](O[C@H]2O[C@H](CN)[C@@H](O)[C@H](O)[C@H]2O)[C@H](O)[C@H]1O[C@H]1O[C@H](CO)[C@@H](O)[C@H](N)[C@H]1O,CL,'=',1.1,mL.min-1.kg-1,,,,,,,,,0,CHEMBL1614671,Clearance in human after iv administration,A,BAO_0000218,organism-based format,Homo sapiens,None,None,None,None,,,,CHEMBL612558,ADMET,,ADMET,CHEMBL1614632,1,Scientific Literature,Drug Metab Dispos,2008,None,,,,1.1
CHEMBL568,OXAZEPAM,4,286.72,0,2.45,Oxazepam,O=C1Nc2ccc(Cl)cc2C(c2ccccc2)=NC1O,CL,'=',1.1,mL.min-1.kg-1,,,,,,,,,0,CHEMBL1614671,Clearance in human after iv administration,A,BAO_0000218,organism-based format,Homo sapiens,None,None,None,None,,,,CHEMBL612558,ADMET,,ADMET,CHEMBL1614632,1,Scientific Literature,Drug Metab Dispos,2008,None,,,,1.1
CHEMBL1237044,TRAMADOL,4,263.38,0,2.63,Tramadol,COc1cccc(C2(O)CCCCC2CN(C)C)c1,CL,'=',6.5,mL.min-1.kg-1,,,,,,,,,0,CHEMBL1614671,Clearance in human after iv administration,A,BAO_0000218,organism-based format,Homo sapiens,None,None,None,None,,,,CHEMBL612558,ADMET,,ADMET,CHEMBL1614632,1,Scientific Literature,Drug Metab Dispos,2008,None,,,,6.5
CHEMBL1568,FLUDARABINE,3,285.24,0,-1.84,Fludarabine,Nc1nc(F)nc2c1ncn2[C@@H]1O[C@H](CO)[C@@H](O)[C@@H]1O,CL,'=',3.2,mL.min-1.kg-1,,,,,,,,,0,CHEMBL1614671,Clearance in human after iv administration,A,BAO_0000218,organism-based format,Homo sapiens,None,None,None,None,,,,CHEMBL612558,ADMET,,ADMET,CHEMBL1614632,1,Scientific Literature,Drug Metab Dispos,2008,None,,,,3.2
CHEMBL43,AMSACRINE,4,393.47,0,4.51,m-AMSA,COc1cc(NS(C)(=O)=O)ccc1Nc1c2ccccc2nc2ccccc12,CL,'=',4.3,mL.min-1.kg-1,,,,,,,,,0,CHEMBL1614671,Clearance in human after iv administration,A,BAO_0000218,organism-based format,Homo sapiens,None,None,None,None,,,,CHEMBL612558,ADMET,,ADMET,CHEMBL1614632,1,Scientific Literature,Drug Metab Dispos,2008,None,,,,4.3
CHEMBL1200629,VECURONIUM BROMIDE,4,637.74,2,5.97,Vecuronium Bromide,CC(=O)O[C@H]1C[C@@H]2CC[C@@H]3[C@H](CC[C@@]4(C)[C@H]3C[C@H]([N+]3(C)CCCCC3)[C@@H]4OC(C)=O)[C@@]2(C)C[C@@H]1N1CCCCC1.[Br-],CL,'=',4.5,mL.min-1.kg-1,,,,,,,,,0,CHEMBL1614671,Clearance in human after iv administration,A,BAO_0000218,organism-based format,Homo sapiens,None,None,None,None,,,,CHEMBL612558,ADMET,,ADMET,CHEMBL1614632,1,Scientific Literature,Drug Metab Dispos,2008,None,,,,4.5
CHEMBL279898,ENPROFYLLINE,2,194.19,0,-0.18,Enprofylline,CCCn1c(=O)[nH]c(=O)c2nc[nH]c21,CL,'=',4,mL.min-1.kg-1,,,,,,,,,0,CHEMBL1614671,Clearance in human after iv administration,A,BAO_0000218,organism-based format,Homo sapiens,None,None,None,None,,,,CHEMBL612558,ADMET,,ADMET,CHEMBL1614632,1,Scientific Literature,Drug Metab Dispos,2008,None,,,,4
CHEMBL1756,ESTRAMUSTINE PHOSPHATE,4,520.39,2,5.3,Estramustine phosphate,C[C@]12CC[C@@H]3c4ccc(OC(=O)N(CCCl)CCCl)cc4CC[C@H]3[C@@H]1CC[C@@H]2OP(=O)(O)O,CL,'=',0.94,mL.min-1.kg-1,,,,,,,,,0,CHEMBL1614671,Clearance in human after iv administration,A,BAO_0000218,organism-based format,Homo sapiens,None,None,None,None,,,,CHEMBL612558,ADMET,,ADMET,CHEMBL1614632,1,Scientific Literature,Drug Metab Dispos,2008,None,,,,0.94
CHEMBL580,LORAZEPAM,4,321.16,0,3.1,Lorazepam,O=C1Nc2ccc(Cl)cc2C(c2ccccc2Cl)=NC1O,CL,'=',1,mL.min-1.kg-1,,,,,,,,,0,CHEMBL1614671,Clearance in human after iv administration,A,BAO_0000218,organism-based format,Homo sapiens,None,None,None,None,,,,CHEMBL612558,ADMET,,ADMET,CHEMBL1614632,1,Scientific Literature,Drug Metab Dispos,2008,None,,,,1
CHEMBL1174,EPTIFIBATIDE,4,831.98,3,-1.84,Eptifibatide,N=C(N)NCCCC[C@@H]1NC(=O)CCSSC[C@@H](C(N)=O)NC(=O)[C@@H]2CCCN2C(=O)[C@H](Cc2c[nH]c3ccccc23)NC(=O)[C@H](CC(=O)O)NC(=O)CNC1=O,CL,'=',1.2,mL.min-1.kg-1,,,,,,,,,0,CHEMBL1614671,Clearance in human after iv administration,A,BAO_0000218,organism-based format,Homo sapiens,None,None,None,None,,,,CHEMBL612558,ADMET,,ADMET,CHEMBL1614632,1,Scientific Literature,Drug Metab Dispos,2008,None,,,,1.2
CHEMBL425,OLSALAZINE,4,302.24,0,2.91,Olsalazine,O=C(O)c1cc(/N=N/c2ccc(O)c(C(=O)O)c2)ccc1O,CL,'=',1.2,mL.min-1.kg-1,,,,,,,,,0,CHEMBL1614671,Clearance in human after iv administration,A,BAO_0000218,organism-based format,Homo sapiens,None,None,None,None,,,,CHEMBL612558,ADMET,,ADMET,CHEMBL1614632,1,Scientific Literature,Drug Metab Dispos,2008,None,,,,1.2
CHEMBL1755,CONIVAPTAN,4,498.59,1,6.51,Conivaptan,Cc1nc2c([nH]1)-c1ccccc1N(C(=O)c1ccc(NC(=O)c3ccccc3-c3ccccc3)cc1)CC2,CL,'=',3,mL.min-1.kg-1,,,,,,,,,0,CHEMBL1614671,Clearance in human after iv administration,A,BAO_0000218,organism-based format,Homo sapiens,None,None,None,None,,,,CHEMBL612558,ADMET,,ADMET,CHEMBL1614632,1,Scientific Literature,Drug Metab Dispos,2008,None,,,,3
CHEMBL141,LAMIVUDINE,4,229.26,0,-0.59,lamivudine,Nc1ccn([C@@H]2CS[C@H](CO)O2)c(=O)n1,CL,'=',4.8,mL.min-1.kg-1,,,,,,,,,0,CHEMBL1614671,Clearance in human after iv administration,A,BAO_0000218,organism-based format,Homo sapiens,None,None,None,None,,,,CHEMBL612558,ADMET,,ADMET,CHEMBL1614632,1,Scientific Literature,Drug Metab Dispos,2008,None,,,,4.8
CHEMBL1760,TERBUTALINE,4,225.29,0,1.52,Terbutaline,CC(C)(C)NCC(O)c1cc(O)cc(O)c1,CL,'=',3.4,mL.min-1.kg-1,,,,,,,,,0,CHEMBL1614671,Clearance in human after iv administration,A,BAO_0000218,organism-based format,Homo sapiens,None,None,None,None,,,,CHEMBL612558,ADMET,,ADMET,CHEMBL1614632,1,Scientific Literature,Drug Metab Dispos,2008,None,,,,3.4
CHEMBL1231,OXYBUTYNIN,4,357.49,0,3.34,Oxybutynin,CCN(CC)CC#CCOC(=O)C(O)(c1ccccc1)C1CCCCC1,CL,'=',5.1,mL.min-1.kg-1,,,,,,,,,0,CHEMBL1614671,Clearance in human after iv administration,A,BAO_0000218,organism-based format,Homo sapiens,None,None,None,None,,,,CHEMBL612558,ADMET,,ADMET,CHEMBL1614632,1,Scientific Literature,Drug Metab Dispos,2008,None,,,,5.1
CHEMBL95804,SEMATILIDE,2,313.42,0,1.13,Sematilide,CCN(CC)CCNC(=O)c1ccc(NS(C)(=O)=O)cc1,CL,'=',3.7,mL.min-1.kg-1,,,,,,,,,0,CHEMBL1614671,Clearance in human after iv administration,A,BAO_0000218,organism-based format,Homo sapiens,None,None,None,None,,,,CHEMBL612558,ADMET,,ADMET,CHEMBL1614632,1,Scientific Literature,Drug Metab Dispos,2008,None,,,,3.7
CHEMBL1097,ACECAINIDE,2,277.37,0,1.72,Acecainide,CCN(CC)CCNC(=O)c1ccc(NC(C)=O)cc1,CL,'=',4,mL.min-1.kg-1,,,,,,,,,0,CHEMBL1614671,Clearance in human after iv administration,A,BAO_0000218,organism-based format,Homo sapiens,None,None,None,None,,,,CHEMBL612558,ADMET,,ADMET,CHEMBL1614632,1,Scientific Literature,Drug Metab Dispos,2008,None,,,,4
CHEMBL476,DACARBAZINE,4,182.19,0,0.07,Dacarbazine,CN(C)/N=N/c1[nH]cnc1C(N)=O,CL,'=',2.6,mL.min-1.kg-1,,,,,,,,,0,CHEMBL1614671,Clearance in human after iv administration,A,BAO_0000218,organism-based format,Homo sapiens,None,None,None,None,,,,CHEMBL612558,ADMET,,ADMET,CHEMBL1614632,1,Scientific Literature,Drug Metab Dispos,2008,None,,,,2.6
CHEMBL44354,CEFTAZIDIME,4,546.59,2,-1.3,Ceftazidime,CC(C)(O/N=C(\C(=O)N[C@@H]1C(=O)N2C(C(=O)[O-])=C(C[n+]3ccccc3)CS[C@H]12)c1csc(N)n1)C(=O)O,CL,'=',2.4,mL.min-1.kg-1,,,,,,,,,0,CHEMBL1614671,Clearance in human after iv administration,A,BAO_0000218,organism-based format,Homo sapiens,None,None,None,None,,,,CHEMBL612558,ADMET,,ADMET,CHEMBL1614632,1,Scientific Literature,Drug Metab Dispos,2008,None,,,,2.4
CHEMBL359164,TROXACITABINE,2,213.19,0,-1.31,Troxacitabine,Nc1ccn([C@@H]2CO[C@H](CO)O2)c(=O)n1,CL,'=',2.4,mL.min-1.kg-1,,,,,,,,,0,CHEMBL1614671,Clearance in human after iv administration,A,BAO_0000218,organism-based format,Homo sapiens,None,None,None,None,,,,CHEMBL612558,ADMET,,ADMET,CHEMBL1614632,1,Scientific Literature,Drug Metab Dispos,2008,None,,,,2.4
CHEMBL42,CLOZAPINE,4,326.83,0,3.72,Clozapine,CN1CCN(C2=Nc3cc(Cl)ccc3Nc3ccccc32)CC1,CL,'=',2.5,mL.min-1.kg-1,,,,,,,,,0,CHEMBL1614671,Clearance in human after iv administration,A,BAO_0000218,organism-based format,Homo sapiens,None,None,None,None,,,,CHEMBL612558,ADMET,,ADMET,CHEMBL1614632,1,Scientific Literature,Drug Metab Dispos,2008,None,,,,2.5
CHEMBL1279,FROVATRIPTAN,4,243.31,0,1.34,Frovatriptan,CN[C@@H]1CCc2[nH]c3ccc(C(N)=O)cc3c2C1,CL,'=',2.5,mL.min-1.kg-1,,,,,,,,,0,CHEMBL1614671,Clearance in human after iv administration,A,BAO_0000218,organism-based format,Homo sapiens,None,None,None,None,,,,CHEMBL612558,ADMET,,ADMET,CHEMBL1614632,1,Scientific Literature,Drug Metab Dispos,2008,None,,,,2.5
CHEMBL275528,PHENCYCLIDINE,2,243.39,0,4.33,Phencyclidine,c1ccc(C2(N3CCCCC3)CCCCC2)cc1,CL,'=',5.1,mL.min-1.kg-1,,,,,,,,,0,CHEMBL1614671,Clearance in human after iv administration,A,BAO_0000218,organism-based format,Homo sapiens,None,None,None,None,,,,CHEMBL612558,ADMET,,ADMET,CHEMBL1614632,1,Scientific Literature,Drug Metab Dispos,2008,None,,,,5.1
CHEMBL314010,BEVANTOLOL,2,345.44,0,2.58,Bevantolol,COc1ccc(CCNCC(O)COc2cccc(C)c2)cc1OC,CL,'=',5.5,mL.min-1.kg-1,,,,,,,,,0,CHEMBL1614671,Clearance in human after iv administration,A,BAO_0000218,organism-based format,Homo sapiens,None,None,None,None,,,,CHEMBL612558,ADMET,,ADMET,CHEMBL1614632,1,Scientific Literature,Drug Metab Dispos,2008,None,,,,5.5
CHEMBL766,CILASTATIN,4,358.46,0,1.43,Cilastatin,CC1(C)C[C@@H]1C(=O)N/C(=C\CCCCSC[C@H](N)C(=O)O)C(=O)O,CL,'=',2.3,mL.min-1.kg-1,,,,,,,,,0,CHEMBL1614671,Clearance in human after iv administration,A,BAO_0000218,organism-based format,Homo sapiens,None,None,None,None,,,,CHEMBL612558,ADMET,,ADMET,CHEMBL1614632,1,Scientific Literature,Drug Metab Dispos,2008,None,,,,2.3
CHEMBL513,CARMUSTINE,4,214.05,0,1.16,Carmustine,O=NN(CCCl)C(=O)NCCCl,CL,'=',78,mL.min-1.kg-1,,,,,,,,,0,CHEMBL1614671,Clearance in human after iv administration,A,BAO_0000218,organism-based format,Homo sapiens,None,None,None,None,,,,CHEMBL612558,ADMET,,ADMET,CHEMBL1614632,1,Scientific Literature,Drug Metab Dispos,2008,None,,,,78
CHEMBL5315124,LEVOFLOXACIN,4,740.76,0,1.54,Levofloxacin,C[C@H]1COc2c(N3CCN(C)CC3)c(F)cc3c(=O)c(C(=O)O)cn1c23.C[C@H]1COc2c(N3CCN(C)CC3)c(F)cc3c(=O)c(C(=O)O)cn1c23.O,CL,'=',1.9,mL.min-1.kg-1,,,,,,,,,0,CHEMBL1614671,Clearance in human after iv administration,A,BAO_0000218,organism-based format,Homo sapiens,None,None,None,None,,,,CHEMBL612558,ADMET,,ADMET,CHEMBL1614632,1,Scientific Literature,Drug Metab Dispos,2008,None,,,,1.9
CHEMBL57,NEVIRAPINE,4,266.3,0,2.65,NVP,Cc1ccnc2c1NC(=O)c1cccnc1N2C1CC1,CL,'=',0.3,mL.min-1.kg-1,,,,,,,,,0,CHEMBL1614671,Clearance in human after iv administration,A,BAO_0000218,organism-based format,Homo sapiens,None,None,None,None,,,,CHEMBL612558,ADMET,,ADMET,CHEMBL1614632,1,Scientific Literature,Drug Metab Dispos,2008,None,,,,0.3
CHEMBL263499,DHA PACLITAXEL,None,1164.4,None,None,DHA Paclitaxel,CC/C=C\C/C=C\C/C=C\C/C=C\C/C=C\C/C=C/CCC(=O)O[C@@H](C(=O)O[C@H]1C[C@@]2(O)[C@@H](OC(=O)c3ccccc3)C3[C@](C)(C(=O)[C@H](OC(C)=O)C(=C1C)C2(C)C)[C@@H](O)C[C@H]1OC[C@@]31OC(C)=O)[C@@H](NC(=O)c1ccccc1)c1ccccc1,CL,'=',0.025,mL.min-1.kg-1,,,,,,,,,0,CHEMBL1614671,Clearance in human after iv administration,A,BAO_0000218,organism-based format,Homo sapiens,None,None,None,None,,,,CHEMBL612558,ADMET,,ADMET,CHEMBL1614632,1,Scientific Literature,Drug Metab Dispos,2008,None,,,,0.025
CHEMBL36,PYRIMETHAMINE,4,248.72,0,2.52,Pyrimethamine,CCc1nc(N)nc(N)c1-c1ccc(Cl)cc1,CL,'=',0.052,mL.min-1.kg-1,,,,,,,,,0,CHEMBL1614671,Clearance in human after iv administration,A,BAO_0000218,organism-based format,Homo sapiens,None,None,None,None,,,,CHEMBL612558,ADMET,,ADMET,CHEMBL1614632,1,Scientific Literature,Drug Metab Dispos,2008,None,,,,0.052
CHEMBL33986,BUTORPHANOL,4,327.47,0,3.37,Butorphanol,Oc1ccc2c(c1)[C@@]13CCCC[C@@]1(O)[C@@H](C2)N(CC1CCC1)CC3,CL,'=',41,mL.min-1.kg-1,,,,,,,,,0,CHEMBL1614671,Clearance in human after iv administration,A,BAO_0000218,organism-based format,Homo sapiens,None,None,None,None,,,,CHEMBL612558,ADMET,,ADMET,CHEMBL1614632,1,Scientific Literature,Drug Metab Dispos,2008,None,,,,41
CHEMBL490,PAROXETINE,4,329.37,0,3.33,Paroxetine,Fc1ccc([C@@H]2CCNC[C@H]2COc2ccc3c(c2)OCO3)cc1,CL,'=',18,mL.min-1.kg-1,,,,,,,,,0,CHEMBL1614671,Clearance in human after iv administration,A,BAO_0000218,organism-based format,Homo sapiens,None,None,None,None,,,,CHEMBL612558,ADMET,,ADMET,CHEMBL1614632,1,Scientific Literature,Drug Metab Dispos,2008,None,,,,18
CHEMBL442,ERGOTAMINE,4,581.67,1,1.99,Ergotamine,CN1C[C@H](C(=O)N[C@]2(C)O[C@@]3(O)[C@@H]4CCCN4C(=O)[C@H](Cc4ccccc4)N3C2=O)C=C2c3cccc4[nH]cc(c34)C[C@H]21,CL,'=',15,mL.min-1.kg-1,,,,,,,,,0,CHEMBL1614671,Clearance in human after iv administration,A,BAO_0000218,organism-based format,Homo sapiens,None,None,None,None,,,,CHEMBL612558,ADMET,,ADMET,CHEMBL1614632,1,Scientific Literature,Drug Metab Dispos,2008,None,,,,15
CHEMBL113278,MEDROXALOL,2,372.42,0,1.86,Medroxalol,CC(CCc1ccc2c(c1)OCO2)NCC(O)c1ccc(O)c(C(N)=O)c1,CL,'=',16,mL.min-1.kg-1,,,,,,,,,0,CHEMBL1614671,Clearance in human after iv administration,A,BAO_0000218,organism-based format,Homo sapiens,None,None,None,None,,,,CHEMBL612558,ADMET,,ADMET,CHEMBL1614632,1,Scientific Literature,Drug Metab Dispos,2008,None,,,,16
CHEMBL1521,ZALEPLON,4,305.34,0,2.64,Zaleplon,CCN(C(C)=O)c1cccc(-c2ccnc3c(C#N)cnn23)c1,CL,'=',16,mL.min-1.kg-1,,,,,,,,,0,CHEMBL1614671,Clearance in human after iv administration,A,BAO_0000218,organism-based format,Homo sapiens,None,None,None,None,,,,CHEMBL612558,ADMET,,ADMET,CHEMBL1614632,1,Scientific Literature,Drug Metab Dispos,2008,None,,,,16
CHEMBL1473,FLUTICASONE PROPIONATE,4,500.58,1,4.43,Fluticasone propionate,CCC(=O)O[C@]1(C(=O)SCF)[C@H](C)C[C@H]2[C@@H]3C[C@H](F)C4=CC(=O)C=C[C@]4(C)[C@@]3(F)[C@@H](O)C[C@@]21C,CL,'=',17,mL.min-1.kg-1,,,,,,,,,0,CHEMBL1614671,Clearance in human after iv administration,A,BAO_0000218,organism-based format,Homo sapiens,None,None,None,None,,,,CHEMBL612558,ADMET,,ADMET,CHEMBL1614632,1,Scientific Literature,Drug Metab Dispos,2008,None,,,,17
CHEMBL5483011,INDINAVIR,3,631.82,1,2.87,Indinavir,CC(C)(C)NC(=O)[C@@H]1CN(Cc2cccnc2)CCN1C[C@@H](O)C[C@@H](Cc1ccccc1)C(=O)N[C@H]1c2ccccc2C[C@H]1O.O,CL,'=',18,mL.min-1.kg-1,,,,,,,,,0,CHEMBL1614671,Clearance in human after iv administration,A,BAO_0000218,organism-based format,Homo sapiens,None,None,None,None,,,,CHEMBL612558,ADMET,,ADMET,CHEMBL1614632,1,Scientific Literature,Drug Metab Dispos,2008,None,,,,18
CHEMBL1231530,BETAMIPRON,2,193.2,0,0.89,Betamipron,O=C(O)CCNC(=O)c1ccccc1,CL,'=',9.2,mL.min-1.kg-1,,,,,,,,,0,CHEMBL1614671,Clearance in human after iv administration,A,BAO_0000218,organism-based format,Homo sapiens,None,None,None,None,,,,CHEMBL612558,ADMET,,ADMET,CHEMBL1614632,1,Scientific Literature,Drug Metab Dispos,2008,None,,,,9.2
CHEMBL742,KETAMINE,4,237.73,0,2.9,Ketamine,CNC1(c2ccccc2Cl)CCCCC1=O,CL,'=',19,mL.min-1.kg-1,,,,,,,,,0,CHEMBL1614671,Clearance in human after iv administration,A,BAO_0000218,organism-based format,Homo sapiens,None,None,None,None,,,,CHEMBL612558,ADMET,,ADMET,CHEMBL1614632,1,Scientific Literature,Drug Metab Dispos,2008,None,,,,19
CHEMBL12,DIAZEPAM,4,284.75,0,3.15,Diazepam,CN1C(=O)CN=C(c2ccccc2)c2cc(Cl)ccc21,CL,'=',0.38,mL.min-1.kg-1,,,,,,,,,0,CHEMBL1614671,Clearance in human after iv administration,A,BAO_0000218,organism-based format,Homo sapiens,None,None,None,None,,,,CHEMBL612558,ADMET,,ADMET,CHEMBL1614632,1,Scientific Literature,Drug Metab Dispos,2008,None,,,,0.38
CHEMBL523,NORDAZEPAM,2,270.72,0,3.13,Desmethyldiazepam,O=C1CN=C(c2ccccc2)c2cc(Cl)ccc2N1,CL,'=',0.12,mL.min-1.kg-1,,,,,,,,,0,CHEMBL1614671,Clearance in human after iv administration,A,BAO_0000218,organism-based format,Homo sapiens,None,None,None,None,,,,CHEMBL612558,ADMET,,ADMET,CHEMBL1614632,1,Scientific Literature,Drug Metab Dispos,2008,None,,,,0.12
CHEMBL1565476,APAZONE,2,300.36,0,2.06,Azapropazone,CCCC1C(=O)N2C(N(C)C)=Nc3ccc(C)cc3N2C1=O,CL,'=',0.14,mL.min-1.kg-1,,,,,,,,,0,CHEMBL1614671,Clearance in human after iv administration,A,BAO_0000218,organism-based format,Homo sapiens,None,None,None,None,,,,CHEMBL612558,ADMET,,ADMET,CHEMBL1614632,1,Scientific Literature,Drug Metab Dispos,2008,None,,,,0.14
CHEMBL2220442,FLUVASTATIN,4,411.47,0,4.63,Fluvastatin,CC(C)n1c(/C=C/C(O)CC(O)CC(=O)O)c(-c2ccc(F)cc2)c2ccccc21,CL,'=',16,mL.min-1.kg-1,,,,,,,,,0,CHEMBL1614671,Clearance in human after iv administration,A,BAO_0000218,organism-based format,Homo sapiens,None,None,None,None,,,,CHEMBL612558,ADMET,,ADMET,CHEMBL1614632,1,Scientific Literature,Drug Metab Dispos,2008,None,,,,16
CHEMBL1189679,PALONOSETRON,4,296.41,0,2.66,Palonosetron,O=C1c2cccc3c2[C@H](CCC3)CN1[C@@H]1CN2CCC1CC2,CL,'=',2.6,mL.min-1.kg-1,,,,,,,,,0,CHEMBL1614671,Clearance in human after iv administration,A,BAO_0000218,organism-based format,Homo sapiens,None,None,None,None,,,,CHEMBL612558,ADMET,,ADMET,CHEMBL1614632,1,Scientific Literature,Drug Metab Dispos,2008,None,,,,2.6
CHEMBL521606,NADOLOL,4,309.41,0,0.63,Nadolol,CC(C)(C)NCC(O)COc1cccc2c1CC(O)C(O)C2,CL,'=',2.9,mL.min-1.kg-1,,,,,,,,,0,CHEMBL1614671,Clearance in human after iv administration,A,BAO_0000218,organism-based format,Homo sapiens,None,None,None,None,,,,CHEMBL612558,ADMET,,ADMET,CHEMBL1614632,1,Scientific Literature,Drug Metab Dispos,2008,None,,,,2.9
CHEMBL75753,XAMOTEROL,2,339.39,0,-0.24,Xamoterol,O=C(NCCNCC(O)COc1ccc(O)cc1)N1CCOCC1,CL,'=',3,mL.min-1.kg-1,,,,,,,,,0,CHEMBL1614671,Clearance in human after iv administration,A,BAO_0000218,organism-based format,Homo sapiens,None,None,None,None,,,,CHEMBL612558,ADMET,,ADMET,CHEMBL1614632,1,Scientific Literature,Drug Metab Dispos,2008,None,,,,3
CHEMBL991,STAVUDINE,4,224.22,0,-0.71,Stavudine,Cc1cn([C@H]2C=C[C@@H](CO)O2)c(=O)[nH]c1=O,CL,'=',8.2,mL.min-1.kg-1,,,,,,,,,0,CHEMBL1614671,Clearance in human after iv administration,A,BAO_0000218,organism-based format,Homo sapiens,None,None,None,None,,,,CHEMBL612558,ADMET,,ADMET,CHEMBL1614632,1,Scientific Literature,Drug Metab Dispos,2008,None,,,,8.2
CHEMBL1540,PENCICLOVIR,4,253.26,0,-0.9,Penciclovir,Nc1nc(O)c2ncn(CCC(CO)CO)c2n1,CL,'=',8.4,mL.min-1.kg-1,,,,,,,,,0,CHEMBL1614671,Clearance in human after iv administration,A,BAO_0000218,organism-based format,Homo sapiens,None,None,None,None,,,,CHEMBL612558,ADMET,,ADMET,CHEMBL1614632,1,Scientific Literature,Drug Metab Dispos,2008,None,,,,8.4
CHEMBL1110,ALOSETRON,4,294.36,0,2.41,EUB0000857a,Cc1[nH]cnc1CN1CCc2c(c3ccccc3n2C)C1=O,CL,'=',8.7,mL.min-1.kg-1,,,,,,,,,0,CHEMBL1614671,Clearance in human after iv administration,A,BAO_0000218,organism-based format,Homo sapiens,None,None,None,None,,,,CHEMBL612558,ADMET,,ADMET,CHEMBL1614632,1,Scientific Literature,Drug Metab Dispos,2008,None,,,,8.7
CHEMBL44657,ETOPOSIDE,4,588.56,2,1.34,Etoposide,COc1cc([C@@H]2c3cc4c(cc3[C@@H](O[C@@H]3O[C@@H]5CO[C@@H](C)O[C@H]5[C@H](O)[C@H]3O)[C@H]3COC(=O)[C@H]23)OCO4)cc(OC)c1O,CL,'=',0.5,mL.min-1.kg-1,,,,,,,,,0,CHEMBL1614671,Clearance in human after iv administration,A,BAO_0000218,organism-based format,Homo sapiens,None,None,None,None,,,,CHEMBL612558,ADMET,,ADMET,CHEMBL1614632,1,Scientific Literature,Drug Metab Dispos,2008,None,,,,0.5
CHEMBL1148,TORSEMIDE,4,348.43,0,2.53,Torsemide,Cc1cccc(Nc2ccncc2S(=O)(=O)NC(=O)NC(C)C)c1,CL,'=',0.53,mL.min-1.kg-1,,,,,,,,,0,CHEMBL1614671,Clearance in human after iv administration,A,BAO_0000218,organism-based format,Homo sapiens,None,None,None,None,,,,CHEMBL612558,ADMET,,ADMET,CHEMBL1614632,1,Scientific Literature,Drug Metab Dispos,2008,None,,,,0.53
CHEMBL1444,LETROZOLE,4,285.31,0,2.66,Letrozole,N#Cc1ccc(C(c2ccc(C#N)cc2)n2cncn2)cc1,CL,'=',0.57,mL.min-1.kg-1,,,,,,,,,0,CHEMBL1614671,Clearance in human after iv administration,A,BAO_0000218,organism-based format,Homo sapiens,None,None,None,None,,,,CHEMBL612558,ADMET,,ADMET,CHEMBL1614632,1,Scientific Literature,Drug Metab Dispos,2008,None,,,,0.57
CHEMBL787,MONTELUKAST,4,586.2,2,8.95,Montelukast,CC(C)(O)c1ccccc1CC[C@@H](SCC1(CC(=O)O)CC1)c1cccc(/C=C/c2ccc3ccc(Cl)cc3n2)c1,CL,'=',0.68,mL.min-1.kg-1,,,,,,,,,0,CHEMBL1614671,Clearance in human after iv administration,A,BAO_0000218,organism-based format,Homo sapiens,None,None,None,None,,,,CHEMBL612558,ADMET,,ADMET,CHEMBL1614632,1,Scientific Literature,Drug Metab Dispos,2008,None,,,,0.68
CHEMBL1231101,ACIVICIN,2,178.57,0,-0.26,Acivicin,N[C@H](C(=O)O)[C@@H]1CC(Cl)=NO1,CL,'=',0.69,mL.min-1.kg-1,,,,,,,,,0,CHEMBL1614671,Clearance in human after iv administration,A,BAO_0000218,organism-based format,Homo sapiens,None,None,None,None,,,,CHEMBL612558,ADMET,,ADMET,CHEMBL1614632,1,Scientific Literature,Drug Metab Dispos,2008,None,,,,0.69
CHEMBL560976,DIBEKACIN,2,451.52,2,-5.27,Dibekacin,NC[C@@H]1CC[C@@H](N)[C@@H](O[C@H]2[C@H](O)[C@@H](O[C@H]3O[C@H](CO)[C@@H](O)[C@H](N)[C@H]3O)[C@H](N)C[C@@H]2N)O1,CL,'=',0.8,mL.min-1.kg-1,,,,,,,,,0,CHEMBL1614671,Clearance in human after iv administration,A,BAO_0000218,organism-based format,Homo sapiens,None,None,None,None,,,,CHEMBL612558,ADMET,,ADMET,CHEMBL1614632,1,Scientific Literature,Drug Metab Dispos,2008,None,,,,0.8
CHEMBL302795,TENOXICAM,2,337.38,0,1.64,Tenoxicam,CN1C(C(=O)Nc2ccccn2)=C(O)c2sccc2S1(=O)=O,CL,'=',0.03,mL.min-1.kg-1,,,,,,,,,0,CHEMBL1614671,Clearance in human after iv administration,A,BAO_0000218,organism-based format,Homo sapiens,None,None,None,None,,,,CHEMBL612558,ADMET,,ADMET,CHEMBL1614632,1,Scientific Literature,Drug Metab Dispos,2008,None,,,,0.03
CHEMBL452,CLONAZEPAM,4,315.72,0,3.04,Clonazepam,O=C1CN=C(c2ccccc2Cl)c2cc([N+](=O)[O-])ccc2N1,CL,'=',0.88,mL.min-1.kg-1,,,,,,,,,0,CHEMBL1614671,Clearance in human after iv administration,A,BAO_0000218,organism-based format,Homo sapiens,None,None,None,None,,,,CHEMBL612558,ADMET,,ADMET,CHEMBL1614632,1,Scientific Literature,Drug Metab Dispos,2008,None,,,,0.88
CHEMBL1201288,DANTROLENE,4,314.26,0,1.74,Dantrolene,O=C1CN(/N=C/c2ccc(-c3ccc([N+](=O)[O-])cc3)o2)C(=O)N1,CL,'=',0.43,mL.min-1.kg-1,,,,,,,,,0,CHEMBL1614671,Clearance in human after iv administration,A,BAO_0000218,organism-based format,Homo sapiens,None,None,None,None,,,,CHEMBL612558,ADMET,,ADMET,CHEMBL1614632,1,Scientific Literature,Drug Metab Dispos,2008,None,,,,0.43
CHEMBL1200699,DOXYCYCLINE,4,462.46,1,-0.35,Doxycycline,C[C@H]1c2cccc(O)c2C(=O)C2=C(O)[C@]3(O)C(=O)C(C(N)=O)=C(O)[C@@H](N(C)C)[C@@H]3[C@@H](O)[C@@H]21.O,CL,'=',0.46,mL.min-1.kg-1,,,,,,,,,0,CHEMBL1614671,Clearance in human after iv administration,A,BAO_0000218,organism-based format,Homo sapiens,None,None,None,None,,,,CHEMBL612558,ADMET,,ADMET,CHEMBL1614632,1,Scientific Literature,Drug Metab Dispos,2008,None,,,,0.46
CHEMBL1531134,MELPERONE,3,263.36,0,3.52,Melperone,CC1CCN(CCCC(=O)c2ccc(F)cc2)CC1,CL,'=',46,mL.min-1.kg-1,,,,,,,,,0,CHEMBL1614671,Clearance in human after iv administration,A,BAO_0000218,organism-based format,Homo sapiens,None,None,None,None,,,,CHEMBL612558,ADMET,,ADMET,CHEMBL1614632,1,Scientific Literature,Drug Metab Dispos,2008,None,,,,46
CHEMBL95,TACRINE,4,198.27,0,2.7,Tacrine,Nc1c2c(nc3ccccc13)CCCC2,CL,'=',56,mL.min-1.kg-1,,,,,,,,,0,CHEMBL1614671,Clearance in human after iv administration,A,BAO_0000218,organism-based format,Homo sapiens,None,None,None,None,,,,CHEMBL612558,ADMET,,ADMET,CHEMBL1614632,1,Scientific Literature,Drug Metab Dispos,2008,None,,,,56
CHEMBL581,FOSINOPRILAT,2,435.5,0,4.16,Fosinoprilat,O=C(O)[C@@H]1C[C@@H](C2CCCCC2)CN1C(=O)CP(=O)(O)CCCCc1ccccc1,CL,'=',0.32,mL.min-1.kg-1,,,,,,,,,0,CHEMBL1614671,Clearance in human after iv administration,A,BAO_0000218,organism-based format,Homo sapiens,None,None,None,None,,,,CHEMBL612558,ADMET,,ADMET,CHEMBL1614632,1,Scientific Literature,Drug Metab Dispos,2008,None,,,,0.32
CHEMBL11672,ROQUINIMEX,2,308.34,0,2.52,Roquinimex,CN(C(=O)c1c(O)c2ccccc2n(C)c1=O)c1ccccc1,CL,'=',0.082,mL.min-1.kg-1,,,,,,,,,0,CHEMBL1614671,Clearance in human after iv administration,A,BAO_0000218,organism-based format,Homo sapiens,None,None,None,None,,,,CHEMBL612558,ADMET,,ADMET,CHEMBL1614632,1,Scientific Literature,Drug Metab Dispos,2008,None,,,,0.082
